term,coef,std_error,t_value,p_value,ci_low,ci_high,nobs,r2,outcome,lag_length,spec,spec_type,interpretation_note,naive_std_error,standard_error_note,n_lags
const,0.36916371406436804,0.0596911400672758,6.184564638040026,6.227409308092503e-10,0.2521712293363717,0.4861561987923644,120.0,0.4134223012067024,gap_equal_main,3,A_policy_month_fe,main_policy_only,Dynamic relative response; not a pure causal effect or ATT.,,,
policy_intensity_m_lag0,-0.3372084157267785,0.11091965117561825,-3.040114282300428,0.00236488394240378,-0.5546069372087361,-0.11980989424482089,120.0,0.4134223012067024,gap_equal_main,3,A_policy_month_fe,main_policy_only,Dynamic relative response; not a pure causal effect or ATT.,,,
policy_intensity_m_lag1,-0.048490066097957,0.0744942925559795,-0.6509232376630552,0.515096040106782,-0.19449619656146708,0.09751606436555307,120.0,0.4134223012067024,gap_equal_main,3,A_policy_month_fe,main_policy_only,Dynamic relative response; not a pure causal effect or ATT.,,,
policy_intensity_m_lag2,-0.05335417235521858,0.0719584183430294,-0.7414583808787535,0.4584155577113399,-0.1943900806920226,0.08768173598158543,120.0,0.4134223012067024,gap_equal_main,3,A_policy_month_fe,main_policy_only,Dynamic relative response; not a pure causal effect or ATT.,,,
policy_intensity_m_lag3,-0.1779386937064572,0.09100086938530721,-1.9553515796980592,0.050541587054951743,-0.3562971202634929,0.00041973285057853027,120.0,0.4134223012067024,gap_equal_main,3,A_policy_month_fe,main_policy_only,Dynamic relative response; not a pure causal effect or ATT.,,,
month_2,-0.04184372537150893,0.05854818011808683,-0.7146887450150219,0.4748013939031741,-0.15659604976332317,0.0729085990203053,120.0,0.4134223012067024,gap_equal_main,3,A_policy_month_fe,main_policy_only,Dynamic relative response; not a pure causal effect or ATT.,,,
month_3,-0.07688614533696798,0.08490621153750393,-0.9055420556952609,0.3651782903510855,-0.24329926201421487,0.08952697134027891,120.0,0.4134223012067024,gap_equal_main,3,A_policy_month_fe,main_policy_only,Dynamic relative response; not a pure causal effect or ATT.,,,
month_4,-0.25799421844346215,0.1358193018680672,-1.8995401603085385,0.05749349151139508,-0.5241951585102476,0.008206721623323254,120.0,0.4134223012067024,gap_equal_main,3,A_policy_month_fe,main_policy_only,Dynamic relative response; not a pure causal effect or ATT.,,,
month_5,-0.3645623216090809,0.120606189774935,-3.0227496805047576,0.0025048934931316364,-0.6009461098805564,-0.1281785333376054,120.0,0.4134223012067024,gap_equal_main,3,A_policy_month_fe,main_policy_only,Dynamic relative response; not a pure causal effect or ATT.,,,
month_6,-0.3805307628534561,0.09564469298939496,-3.978587321051354,6.932595026848412e-05,-0.5679909164250608,-0.19307060928185138,120.0,0.4134223012067024,gap_equal_main,3,A_policy_month_fe,main_policy_only,Dynamic relative response; not a pure causal effect or ATT.,,,
month_7,-0.2982498509644568,0.09739729308150445,-3.0621985635152504,0.0021971764880438145,-0.48914503759589767,-0.10735466433301588,120.0,0.4134223012067024,gap_equal_main,3,A_policy_month_fe,main_policy_only,Dynamic relative response; not a pure causal effect or ATT.,,,
month_8,-0.2979649514032137,0.09416365861310218,-3.164330653585651,0.0015544009096235022,-0.4825223309374188,-0.1134075718690086,120.0,0.4134223012067024,gap_equal_main,3,A_policy_month_fe,main_policy_only,Dynamic relative response; not a pure causal effect or ATT.,,,
month_9,-0.29063515218355235,0.07928339392183939,-3.6657758681480215,0.0002465898274957458,-0.4460277488424594,-0.1352425555246453,120.0,0.4134223012067024,gap_equal_main,3,A_policy_month_fe,main_policy_only,Dynamic relative response; not a pure causal effect or ATT.,,,
month_10,-0.16882194863403432,0.07751151753927811,-2.178024040730278,0.029404246977530153,-0.32074173139806417,-0.01690216587000451,120.0,0.4134223012067024,gap_equal_main,3,A_policy_month_fe,main_policy_only,Dynamic relative response; not a pure causal effect or ATT.,,,
month_11,-0.10341907832626797,0.07174742174246818,-1.4414326788979646,0.14946248361864403,-0.2440414409251116,0.037203284272575673,120.0,0.4134223012067024,gap_equal_main,3,A_policy_month_fe,main_policy_only,Dynamic relative response; not a pure causal effect or ATT.,,,
month_12,0.0998649558275323,0.058674802820712614,1.7020075232750382,0.08875395796818965,-0.015135544501053602,0.21486545615611818,120.0,0.4134223012067024,gap_equal_main,3,A_policy_month_fe,main_policy_only,Dynamic relative response; not a pure causal effect or ATT.,,,
cumulative_policy_intensity_m_lag,-0.6169913478864113,,,,,,,,gap_equal_main,3,A_policy_month_fe,main_policy_only,Cumulative dynamic relative response; naive SE ignores lag covariance.,0.1769512385931471,naive_std_error ignores covariance across lag coefficients,4.0
const,0.3858406136605729,0.050293012235343736,7.6718533353112806,1.6952873492133236e-14,0.2872681210052669,0.48441310631587886,111.0,0.49427988912726806,gap_equal_main,3,B_price_month_fe,main_policy_only,Dynamic relative response; not a pure causal effect or ATT.,,,
policy_intensity_m_lag0,-0.3312892893083121,0.10153724169537565,-3.2627367434524284,0.0011034196761598072,-0.530298626120787,-0.13227995249583713,111.0,0.49427988912726806,gap_equal_main,3,B_price_month_fe,main_policy_only,Dynamic relative response; not a pure causal effect or ATT.,,,
policy_intensity_m_lag1,-0.03367061385632353,0.07231097720464885,-0.4656362720839963,0.6414758751843563,-0.1753975248643321,0.10805629715168505,111.0,0.49427988912726806,gap_equal_main,3,B_price_month_fe,main_policy_only,Dynamic relative response; not a pure causal effect or ATT.,,,
policy_intensity_m_lag2,-0.05841982374433333,0.06904631179476065,-0.846096224777155,0.39749906661568857,-0.19374810812738733,0.07690846063872067,111.0,0.49427988912726806,gap_equal_main,3,B_price_month_fe,main_policy_only,Dynamic relative response; not a pure causal effect or ATT.,,,
policy_intensity_m_lag3,-0.23419330617868134,0.09017814136375339,-2.5970074636381235,0.009403988067837044,-0.4109392154443997,-0.05744739691296297,111.0,0.49427988912726806,gap_equal_main,3,B_price_month_fe,main_policy_only,Dynamic relative response; not a pure causal effect or ATT.,,,
z_food_cpi_yoy,-0.09304445761417739,0.08421193919929204,-1.104884396427242,0.26920968441313453,-0.25809682551306656,0.0720079102847118,111.0,0.49427988912726806,gap_equal_main,3,B_price_month_fe,main_policy_only,Dynamic relative response; not a pure causal effect or ATT.,,,
z_core_cpi_yoy,0.1582088952239082,0.09021259226055413,1.7537340548530693,0.07947608737056153,-0.018604536558774698,0.3350223270065911,111.0,0.49427988912726806,gap_equal_main,3,B_price_month_fe,main_policy_only,Dynamic relative response; not a pure causal effect or ATT.,,,
month_2,-0.043308937171550474,0.0519031845433661,-0.8344177250890075,0.40404563238822655,-0.14503730955948405,0.0584194352163831,111.0,0.49427988912726806,gap_equal_main,3,B_price_month_fe,main_policy_only,Dynamic relative response; not a pure causal effect or ATT.,,,
month_3,-0.07598287960361333,0.07831550617797925,-0.9702150099232608,0.3319393304662015,-0.22947845114347676,0.0775126919362501,111.0,0.49427988912726806,gap_equal_main,3,B_price_month_fe,main_policy_only,Dynamic relative response; not a pure causal effect or ATT.,,,
month_4,-0.2657265959384007,0.1393136248970072,-1.9073984768887395,0.05646900647640002,-0.5387762832922574,0.007323091415456007,111.0,0.49427988912726806,gap_equal_main,3,B_price_month_fe,main_policy_only,Dynamic relative response; not a pure causal effect or ATT.,,,
month_5,-0.37582747181104476,0.11756141008495716,-3.196860870752133,0.0013893192034151007,-0.6062436015493047,-0.14541134207278483,111.0,0.49427988912726806,gap_equal_main,3,B_price_month_fe,main_policy_only,Dynamic relative response; not a pure causal effect or ATT.,,,
month_6,-0.38094371892329804,0.08804754987682144,-4.326568081181572,1.5145052371314967e-05,-0.5535137456088621,-0.20837369223773394,111.0,0.49427988912726806,gap_equal_main,3,B_price_month_fe,main_policy_only,Dynamic relative response; not a pure causal effect or ATT.,,,
month_7,-0.303585522042254,0.09783926072152786,-3.102900817150749,0.0019163385257227167,-0.49534694933047296,-0.11182409475403501,111.0,0.49427988912726806,gap_equal_main,3,B_price_month_fe,main_policy_only,Dynamic relative response; not a pure causal effect or ATT.,,,
month_8,-0.31422771156696083,0.09918383741804869,-3.1681342418979663,0.001534206610883773,-0.5086244607548125,-0.11983096237910923,111.0,0.49427988912726806,gap_equal_main,3,B_price_month_fe,main_policy_only,Dynamic relative response; not a pure causal effect or ATT.,,,
month_9,-0.2928356355969599,0.07072791459416786,-4.1403120292352975,3.468337171141682e-05,-0.4314598009031538,-0.15421147029076604,111.0,0.49427988912726806,gap_equal_main,3,B_price_month_fe,main_policy_only,Dynamic relative response; not a pure causal effect or ATT.,,,
month_10,-0.1542370126792766,0.07434539571929301,-2.0746007360244816,0.03802355384115842,-0.2999513107054692,-0.008522714653084018,111.0,0.49427988912726806,gap_equal_main,3,B_price_month_fe,main_policy_only,Dynamic relative response; not a pure causal effect or ATT.,,,
month_11,-0.08592974352986504,0.07649708049883291,-1.1233074905541793,0.2613069236197003,-0.23586126623003886,0.06400177917030878,111.0,0.49427988912726806,gap_equal_main,3,B_price_month_fe,main_policy_only,Dynamic relative response; not a pure causal effect or ATT.,,,
month_12,0.12736059146997847,0.059648991265893764,2.1351675655712388,0.03274732523552972,0.01045071687468245,0.24427046606527447,111.0,0.49427988912726806,gap_equal_main,3,B_price_month_fe,main_policy_only,Dynamic relative response; not a pure causal effect or ATT.,,,
cumulative_policy_intensity_m_lag,-0.6575730330876504,,,,,,,,gap_equal_main,3,B_price_month_fe,main_policy_only,Cumulative dynamic relative response; naive SE ignores lag covariance.,0.1686362334365802,naive_std_error ignores covariance across lag coefficients,4.0
const,0.10001197736278854,0.03288663565958986,3.0411130648332128,0.002357053020021007,0.03555535589730177,0.1644685988282753,120.0,0.9316505795963165,gap_equal_main,3,C_tourism_month_fe,main_policy_only,Dynamic relative response; not a pure causal effect or ATT.,,,
policy_intensity_m_lag0,0.008311508626293325,0.037432962773604736,0.22203715683851918,0.8242849582132719,-0.06505575024460053,0.08167876749718717,120.0,0.9316505795963165,gap_equal_main,3,C_tourism_month_fe,main_policy_only,Dynamic relative response; not a pure causal effect or ATT.,,,
policy_intensity_m_lag1,0.05253047435913749,0.026046505256194286,2.0167954910820476,0.04371685968971463,0.0014802621338634789,0.1035806865844115,120.0,0.9316505795963165,gap_equal_main,3,C_tourism_month_fe,main_policy_only,Dynamic relative response; not a pure causal effect or ATT.,,,
policy_intensity_m_lag2,0.059998637323318976,0.034546711451158375,1.7367394696350231,0.08243316757814452,-0.007711672905248906,0.12770894755188686,120.0,0.9316505795963165,gap_equal_main,3,C_tourism_month_fe,main_policy_only,Dynamic relative response; not a pure causal effect or ATT.,,,
policy_intensity_m_lag3,0.06350012190096488,0.03271593080653913,1.9409541570577207,0.052263838126475184,-0.000621924200556262,0.12762216800248602,120.0,0.9316505795963165,gap_equal_main,3,C_tourism_month_fe,main_policy_only,Dynamic relative response; not a pure causal effect or ATT.,,,
z_foreign_tourists_thousand,0.16046107348141397,0.06857046407779796,2.3400902362183187,0.01927908120230674,0.026065433485732453,0.2948567134770955,120.0,0.9316505795963165,gap_equal_main,3,C_tourism_month_fe,main_policy_only,Dynamic relative response; not a pure causal effect or ATT.,,,
z_accommodation_occupancy_rate_total,0.28097268480628973,0.03251938392529992,8.6401601411549,5.613428266216006e-18,0.21723586351327112,0.34470950609930834,120.0,0.9316505795963165,gap_equal_main,3,C_tourism_month_fe,main_policy_only,Dynamic relative response; not a pure causal effect or ATT.,,,
z_nonresident_expenditure_index,-0.12884595903490192,0.03942709329441265,-3.267954806426502,0.0010832766198546392,-0.2061216419070514,-0.05157027616275246,120.0,0.9316505795963165,gap_equal_main,3,C_tourism_month_fe,main_policy_only,Dynamic relative response; not a pure causal effect or ATT.,,,
month_2,-0.015817956633946945,0.023678885073897888,-0.6680194859082983,0.5041211541751146,-0.06222771857284986,0.03059180530495597,120.0,0.9316505795963165,gap_equal_main,3,C_tourism_month_fe,main_policy_only,Dynamic relative response; not a pure causal effect or ATT.,,,
month_3,0.023488925330706165,0.03223874113504765,0.7285931306160924,0.4662505817547633,-0.03969784620089717,0.0866756968623095,120.0,0.9316505795963165,gap_equal_main,3,C_tourism_month_fe,main_policy_only,Dynamic relative response; not a pure causal effect or ATT.,,,
month_4,-0.07970109647087721,0.045575848796436134,-1.7487572601634036,0.08033298754573792,-0.1690281186767352,0.009625925734980778,120.0,0.9316505795963165,gap_equal_main,3,C_tourism_month_fe,main_policy_only,Dynamic relative response; not a pure causal effect or ATT.,,,
month_5,-0.09805357570386711,0.039349701321751335,-2.4918505709131273,0.012707948865752423,-0.1751775730969079,-0.020929578310826327,120.0,0.9316505795963165,gap_equal_main,3,C_tourism_month_fe,main_policy_only,Dynamic relative response; not a pure causal effect or ATT.,,,
month_6,-0.09120872161301771,0.043252420073684815,-2.108754179711437,0.034965805537061634,-0.1759819072016372,-0.006435536024398211,120.0,0.9316505795963165,gap_equal_main,3,C_tourism_month_fe,main_policy_only,Dynamic relative response; not a pure causal effect or ATT.,,,
month_7,-0.03488137253652923,0.04117911726064893,-0.8470646011118391,0.3969591146270277,-0.11559095928255282,0.04582821420949436,120.0,0.9316505795963165,gap_equal_main,3,C_tourism_month_fe,main_policy_only,Dynamic relative response; not a pure causal effect or ATT.,,,
month_8,-0.022618453534505922,0.042187688636971934,-0.5361387235299693,0.5918626791717356,-0.1053048038539606,0.060067896784948754,120.0,0.9316505795963165,gap_equal_main,3,C_tourism_month_fe,main_policy_only,Dynamic relative response; not a pure causal effect or ATT.,,,
month_9,-0.05723299660208167,0.046424139278626174,-1.232828383927237,0.2176397991707777,-0.14822263760146026,0.03375664439729692,120.0,0.9316505795963165,gap_equal_main,3,C_tourism_month_fe,main_policy_only,Dynamic relative response; not a pure causal effect or ATT.,,,
month_10,-0.03882334218505756,0.04547824666742077,-0.8536684025875039,0.39328874631368493,-0.127959067733231,0.05031238336311589,120.0,0.9316505795963165,gap_equal_main,3,C_tourism_month_fe,main_policy_only,Dynamic relative response; not a pure causal effect or ATT.,,,
month_11,-0.05031918990085645,0.04220297526948365,-1.1923138020375905,0.23313822465462364,-0.13303550146947898,0.03239712166776607,120.0,0.9316505795963165,gap_equal_main,3,C_tourism_month_fe,main_policy_only,Dynamic relative response; not a pure causal effect or ATT.,,,
month_12,0.03713875035728886,0.027901254145369363,1.331078171747796,0.18316329053208535,-0.017546702891133976,0.0918242036057117,120.0,0.9316505795963165,gap_equal_main,3,C_tourism_month_fe,main_policy_only,Dynamic relative response; not a pure causal effect or ATT.,,,
cumulative_policy_intensity_m_lag,0.18434074220971466,,,,,,,,gap_equal_main,3,C_tourism_month_fe,main_policy_only,Cumulative dynamic relative response; naive SE ignores lag covariance.,0.0659048900970094,naive_std_error ignores covariance across lag coefficients,4.0
const,0.09362023559561464,0.03111301956062404,3.0090372749965537,0.0026207695970638855,0.0326398378065013,0.15460063338472796,111.0,0.9480400125554808,gap_equal_main,3,D_price_tourism_month_fe,main_policy_only,Dynamic relative response; not a pure causal effect or ATT.,,,
policy_intensity_m_lag0,-0.0035608541749668,0.03250647280089679,-0.10954292693572597,0.9127718758337763,-0.06727237012915535,0.06015066177922176,111.0,0.9480400125554808,gap_equal_main,3,D_price_tourism_month_fe,main_policy_only,Dynamic relative response; not a pure causal effect or ATT.,,,
policy_intensity_m_lag1,0.043950855023514014,0.022714771213153448,1.9349019460105055,0.053002329361355925,-0.0005692784713339366,0.08847098851836196,111.0,0.9480400125554808,gap_equal_main,3,D_price_tourism_month_fe,main_policy_only,Dynamic relative response; not a pure causal effect or ATT.,,,
policy_intensity_m_lag2,0.058374413961142006,0.0324560911832851,1.7985657493840432,0.07208739935762178,-0.005238355837044774,0.1219871837593288,111.0,0.9480400125554808,gap_equal_main,3,D_price_tourism_month_fe,main_policy_only,Dynamic relative response; not a pure causal effect or ATT.,,,
policy_intensity_m_lag3,0.06790263762377441,0.03163646178807129,2.1463410819656668,0.03184577623363073,0.005896311920877036,0.1299089633266718,111.0,0.9480400125554808,gap_equal_main,3,D_price_tourism_month_fe,main_policy_only,Dynamic relative response; not a pure causal effect or ATT.,,,
z_food_cpi_yoy,0.030952710541681198,0.01803400097729492,1.7163529369135073,0.08609746485078915,-0.00439328187097698,0.06629870295433937,111.0,0.9480400125554808,gap_equal_main,3,D_price_tourism_month_fe,main_policy_only,Dynamic relative response; not a pure causal effect or ATT.,,,
z_core_cpi_yoy,-0.03375797141269993,0.019213307154258064,-1.7570099276333313,0.0789161170549242,-0.0714153614589515,0.0038994186335516365,111.0,0.9480400125554808,gap_equal_main,3,D_price_tourism_month_fe,main_policy_only,Dynamic relative response; not a pure causal effect or ATT.,,,
z_foreign_tourists_thousand,0.10398707243001665,0.05980072207201317,1.7388932579241005,0.08205354036763395,-0.01322018908061863,0.2211943339406519,111.0,0.9480400125554808,gap_equal_main,3,D_price_tourism_month_fe,main_policy_only,Dynamic relative response; not a pure causal effect or ATT.,,,
z_accommodation_occupancy_rate_total,0.31283605099383965,0.030906555803070664,10.121996542971585,4.413199651726989e-24,0.25226031473364374,0.37341178725403557,111.0,0.9480400125554808,gap_equal_main,3,D_price_tourism_month_fe,main_policy_only,Dynamic relative response; not a pure causal effect or ATT.,,,
z_nonresident_expenditure_index,-0.09548834956899901,0.03869771980855726,-2.4675446005964305,0.013604327240734978,-0.1713344866775935,-0.019642212460404554,111.0,0.9480400125554808,gap_equal_main,3,D_price_tourism_month_fe,main_policy_only,Dynamic relative response; not a pure causal effect or ATT.,,,
month_2,-0.014984301837199586,0.024760631191508037,-0.6051663918138984,0.5450684441301845,-0.06351424720703443,0.033545643532635255,111.0,0.9480400125554808,gap_equal_main,3,D_price_tourism_month_fe,main_policy_only,Dynamic relative response; not a pure causal effect or ATT.,,,
month_3,0.029933989061850408,0.03349484767858876,0.893689362289156,0.3714881185701945,-0.035714706055838596,0.09558268417953941,111.0,0.9480400125554808,gap_equal_main,3,D_price_tourism_month_fe,main_policy_only,Dynamic relative response; not a pure causal effect or ATT.,,,
month_4,-0.05494231217689628,0.045063619377875896,-1.2192165861375608,0.22276199830789056,-0.14326538317055432,0.03338075881676175,111.0,0.9480400125554808,gap_equal_main,3,D_price_tourism_month_fe,main_policy_only,Dynamic relative response; not a pure causal effect or ATT.,,,
month_5,-0.07226500843484951,0.03606449998310364,-2.0037712561856105,0.04509456922880336,-0.14295012952217803,-0.0015798873475209863,111.0,0.9480400125554808,gap_equal_main,3,D_price_tourism_month_fe,main_policy_only,Dynamic relative response; not a pure causal effect or ATT.,,,
month_6,-0.059348296616739626,0.041437693100598555,-1.432229744852335,0.15207808171606862,-0.14056468269633668,0.021868089462857426,111.0,0.9480400125554808,gap_equal_main,3,D_price_tourism_month_fe,main_policy_only,Dynamic relative response; not a pure causal effect or ATT.,,,
month_7,-0.00844429634414971,0.03959212718833084,-0.2132822089599301,0.8311068495025897,-0.08604343970460723,0.06915484701630781,111.0,0.9480400125554808,gap_equal_main,3,D_price_tourism_month_fe,main_policy_only,Dynamic relative response; not a pure causal effect or ATT.,,,
month_8,0.004646620468027461,0.04163645175429971,0.1115998187224879,0.9111407157639533,-0.07695932541443953,0.08625256635049444,111.0,0.9480400125554808,gap_equal_main,3,D_price_tourism_month_fe,main_policy_only,Dynamic relative response; not a pure causal effect or ATT.,,,
month_9,-0.027036102316822064,0.04695904337958473,-0.575737927586828,0.5647923351598876,-0.11907413608926219,0.06500193145561807,111.0,0.9480400125554808,gap_equal_main,3,D_price_tourism_month_fe,main_policy_only,Dynamic relative response; not a pure causal effect or ATT.,,,
month_10,-0.007060215728812394,0.04576908488759261,-0.15425730591188475,0.8774068592676753,-0.09676597371385039,0.0826455422562256,111.0,0.9480400125554808,gap_equal_main,3,D_price_tourism_month_fe,main_policy_only,Dynamic relative response; not a pure causal effect or ATT.,,,
month_11,-0.019104912120993814,0.04022220575611263,-0.47498419745641157,0.6347982368208689,-0.09793898678173421,0.05972916253974658,111.0,0.9480400125554808,gap_equal_main,3,D_price_tourism_month_fe,main_policy_only,Dynamic relative response; not a pure causal effect or ATT.,,,
month_12,0.057985920506315784,0.0277093962956283,2.092644671420149,0.036380885708456115,0.00367650173353673,0.11229533927909484,111.0,0.9480400125554808,gap_equal_main,3,D_price_tourism_month_fe,main_policy_only,Dynamic relative response; not a pure causal effect or ATT.,,,
cumulative_policy_intensity_m_lag,0.16666705243346364,,,,,,,,gap_equal_main,3,D_price_tourism_month_fe,main_policy_only,Cumulative dynamic relative response; naive SE ignores lag covariance.,0.060223709405741184,naive_std_error ignores covariance across lag coefficients,4.0
const,0.34641005500297617,0.05760870442495991,6.0131547560526,1.8194718747652243e-09,0.2334990691340415,0.45932104087191084,120.0,0.4888481302382507,gap_equal_main,3,S1_delivery_policy_month_fe,sensitivity_delivery,Dynamic relative response; not a pure causal effect or ATT.,,,
policy_intensity_m_lag0,-0.3709486339925594,0.11374791707743374,-3.2611466084256877,0.0011096265175174326,-0.5938904547807781,-0.1480068132043407,120.0,0.4888481302382507,gap_equal_main,3,S1_delivery_policy_month_fe,sensitivity_delivery,Dynamic relative response; not a pure causal effect or ATT.,,,
policy_intensity_m_lag1,-0.062239833817962595,0.0812858154308854,-0.765691203170411,0.4438600625334129,-0.22155710451646815,0.09707743688054295,120.0,0.4888481302382507,gap_equal_main,3,S1_delivery_policy_month_fe,sensitivity_delivery,Dynamic relative response; not a pure causal effect or ATT.,,,
policy_intensity_m_lag2,-0.03481531783148801,0.07931914946652882,-0.43892701908231396,0.6607144182832936,-0.19027799407023394,0.12064735840725793,120.0,0.4888481302382507,gap_equal_main,3,S1_delivery_policy_month_fe,sensitivity_delivery,Dynamic relative response; not a pure causal effect or ATT.,,,
policy_intensity_m_lag3,-0.19482538114836223,0.09653084637977989,-2.0182707233485098,0.0435630740425037,-0.3840223634498995,-0.005628398846824978,120.0,0.4888481302382507,gap_equal_main,3,S1_delivery_policy_month_fe,sensitivity_delivery,Dynamic relative response; not a pure causal effect or ATT.,,,
delivery_intensity_m_lag0,0.5622962383380388,0.14895112228767388,3.775038614694415,0.0001599828791764188,0.2703574031973766,0.854235073478701,120.0,0.4888481302382507,gap_equal_main,3,S1_delivery_policy_month_fe,sensitivity_delivery,Dynamic relative response; not a pure causal effect or ATT.,,,
delivery_intensity_m_lag1,0.14051872270890914,0.13331016786750224,1.0540735561039238,0.29184924197913875,-0.12076440508438402,0.4018018505022023,120.0,0.4888481302382507,gap_equal_main,3,S1_delivery_policy_month_fe,sensitivity_delivery,Dynamic relative response; not a pure causal effect or ATT.,,,
delivery_intensity_m_lag2,0.19835635455525633,0.11019583089873008,1.8000350189068923,0.07185510890363697,-0.01762350525272069,0.4143362143632333,120.0,0.4888481302382507,gap_equal_main,3,S1_delivery_policy_month_fe,sensitivity_delivery,Dynamic relative response; not a pure causal effect or ATT.,,,
delivery_intensity_m_lag3,0.3385115932256124,0.10498008256604309,3.2245315963878616,0.0012617893179593651,0.13275441230212673,0.5442687741490981,120.0,0.4888481302382507,gap_equal_main,3,S1_delivery_policy_month_fe,sensitivity_delivery,Dynamic relative response; not a pure causal effect or ATT.,,,
month_2,-0.05837925892308449,0.054692125607069896,-1.0674161641203055,0.28578395249466937,-0.16557385535088232,0.04881533750471334,120.0,0.4888481302382507,gap_equal_main,3,S1_delivery_policy_month_fe,sensitivity_delivery,Dynamic relative response; not a pure causal effect or ATT.,,,
month_3,-0.07527352762078295,0.08408824594154149,-0.8951730028131807,0.37069461406406545,-0.24008346118935064,0.08953640594778474,120.0,0.4888481302382507,gap_equal_main,3,S1_delivery_policy_month_fe,sensitivity_delivery,Dynamic relative response; not a pure causal effect or ATT.,,,
month_4,-0.2311356861720479,0.13732498744757055,-1.6831291265203534,0.09235009711385353,-0.5002877157467012,0.038016343402605374,120.0,0.4888481302382507,gap_equal_main,3,S1_delivery_policy_month_fe,sensitivity_delivery,Dynamic relative response; not a pure causal effect or ATT.,,,
month_5,-0.34076411919205485,0.12211423629106032,-2.7905355635999776,0.005262091895787274,-0.5801036243221471,-0.1014246140619626,120.0,0.4888481302382507,gap_equal_main,3,S1_delivery_policy_month_fe,sensitivity_delivery,Dynamic relative response; not a pure causal effect or ATT.,,,
month_6,-0.3562536517560567,0.09491247377040984,-3.7534966438428587,0.00017438486822049718,-0.5422786820296626,-0.17022862148245088,120.0,0.4888481302382507,gap_equal_main,3,S1_delivery_policy_month_fe,sensitivity_delivery,Dynamic relative response; not a pure causal effect or ATT.,,,
month_7,-0.2704335013322966,0.09421223442482844,-2.87047115465746,0.004098605898640936,-0.45508608770800496,-0.08578091495658821,120.0,0.4888481302382507,gap_equal_main,3,S1_delivery_policy_month_fe,sensitivity_delivery,Dynamic relative response; not a pure causal effect or ATT.,,,
month_8,-0.27046229374324376,0.08989588810174065,-3.008616961847522,0.002624397622048192,-0.4466549967808982,-0.09426959070558932,120.0,0.4888481302382507,gap_equal_main,3,S1_delivery_policy_month_fe,sensitivity_delivery,Dynamic relative response; not a pure causal effect or ATT.,,,
month_9,-0.26161235814937756,0.07555517355776352,-3.462534010981649,0.0005351142788821428,-0.40969777716826705,-0.11352693913048803,120.0,0.4888481302382507,gap_equal_main,3,S1_delivery_policy_month_fe,sensitivity_delivery,Dynamic relative response; not a pure causal effect or ATT.,,,
month_10,-0.13303496901580913,0.07682775235475967,-1.7316004300308976,0.08334472960620595,-0.28361459664430044,0.017544658612682146,120.0,0.4888481302382507,gap_equal_main,3,S1_delivery_policy_month_fe,sensitivity_delivery,Dynamic relative response; not a pure causal effect or ATT.,,,
month_11,-0.11328816242848239,0.07231921819562141,-1.5665014812804137,0.11723126207055946,-0.2550312254819941,0.02845490062502934,120.0,0.4888481302382507,gap_equal_main,3,S1_delivery_policy_month_fe,sensitivity_delivery,Dynamic relative response; not a pure causal effect or ATT.,,,
month_12,0.06703076189581902,0.05878363663642861,1.1402962751419774,0.25416288912985974,-0.0481830487918703,0.18224457258350835,120.0,0.4888481302382507,gap_equal_main,3,S1_delivery_policy_month_fe,sensitivity_delivery,Dynamic relative response; not a pure causal effect or ATT.,,,
cumulative_policy_intensity_m_lag,-0.6628291667903723,,,,,,,,gap_equal_main,3,S1_delivery_policy_month_fe,sensitivity_delivery,Cumulative dynamic relative response; naive SE ignores lag covariance.,0.1874985445399748,naive_std_error ignores covariance across lag coefficients,4.0
cumulative_delivery_intensity_m_lag,1.2396829088278167,,,,,,,,gap_equal_main,3,S1_delivery_policy_month_fe,sensitivity_delivery,Cumulative delivery-policy sensitivity response; naive SE ignores lag covariance.,0.25124087360669234,naive_std_error ignores covariance across lag coefficients,4.0
const,0.09632416479185432,0.03258363790131644,2.956212718898483,0.0031144221346234378,0.032461408019979834,0.16018692156372882,111.0,0.9504182282908045,gap_equal_main,3,S2_delivery_price_tourism_month_fe,sensitivity_delivery,Dynamic relative response; not a pure causal effect or ATT.,,,
policy_intensity_m_lag0,-0.0164967823376862,0.032193520417491434,-0.5124255478665558,0.6083532146306012,-0.0795949228915243,0.0466013582161519,111.0,0.9504182282908045,gap_equal_main,3,S2_delivery_price_tourism_month_fe,sensitivity_delivery,Dynamic relative response; not a pure causal effect or ATT.,,,
policy_intensity_m_lag1,0.030086435117837543,0.02525294842146378,1.1914028657447988,0.23349546846167435,-0.019408434291679075,0.07958130452735417,111.0,0.9504182282908045,gap_equal_main,3,S2_delivery_price_tourism_month_fe,sensitivity_delivery,Dynamic relative response; not a pure causal effect or ATT.,,,
policy_intensity_m_lag2,0.06477660627936677,0.036833775368944055,1.7586197893247284,0.07864210944402275,-0.007416266858402118,0.13696947941713566,111.0,0.9504182282908045,gap_equal_main,3,S2_delivery_price_tourism_month_fe,sensitivity_delivery,Dynamic relative response; not a pure causal effect or ATT.,,,
policy_intensity_m_lag3,0.05629318263852164,0.03347372195807947,1.6817126792479167,0.09262456817949481,-0.009314106827821696,0.12190047210486499,111.0,0.9504182282908045,gap_equal_main,3,S2_delivery_price_tourism_month_fe,sensitivity_delivery,Dynamic relative response; not a pure causal effect or ATT.,,,
delivery_intensity_m_lag0,0.07723548906973571,0.05737885045773132,1.3460619802174665,0.17828252874001882,-0.03522499130172728,0.1896959694411987,111.0,0.9504182282908045,gap_equal_main,3,S2_delivery_price_tourism_month_fe,sensitivity_delivery,Dynamic relative response; not a pure causal effect or ATT.,,,
delivery_intensity_m_lag1,0.08827940633119563,0.06541512540318795,1.3495259053175095,0.17716810531051475,-0.039931883503223936,0.2164906961656152,111.0,0.9504182282908045,gap_equal_main,3,S2_delivery_price_tourism_month_fe,sensitivity_delivery,Dynamic relative response; not a pure causal effect or ATT.,,,
delivery_intensity_m_lag2,-0.02166708910684345,0.06338182099521135,-0.341850214566736,0.7324636178062862,-0.14589317553202236,0.10255899731833544,111.0,0.9504182282908045,gap_equal_main,3,S2_delivery_price_tourism_month_fe,sensitivity_delivery,Dynamic relative response; not a pure causal effect or ATT.,,,
delivery_intensity_m_lag3,0.08198821606589562,0.05076454684990689,1.615068411982604,0.10629588063158468,-0.017508467451418125,0.18148489958320937,111.0,0.9504182282908045,gap_equal_main,3,S2_delivery_price_tourism_month_fe,sensitivity_delivery,Dynamic relative response; not a pure causal effect or ATT.,,,
z_food_cpi_yoy,0.03037139922930971,0.018306196579817042,1.6590775203842618,0.09710017241774535,-0.0055080867610420095,0.06625088521966144,111.0,0.9504182282908045,gap_equal_main,3,S2_delivery_price_tourism_month_fe,sensitivity_delivery,Dynamic relative response; not a pure causal effect or ATT.,,,
z_core_cpi_yoy,-0.031078010902068832,0.018924938134527627,-1.642172390797332,0.10055428271388551,-0.06817020805539162,0.006014186251253953,111.0,0.9504182282908045,gap_equal_main,3,S2_delivery_price_tourism_month_fe,sensitivity_delivery,Dynamic relative response; not a pure causal effect or ATT.,,,
z_foreign_tourists_thousand,0.09379352342075314,0.05864282911133132,1.59940311274358,0.10973106110596971,-0.02114430958899327,0.20873135643049956,111.0,0.9504182282908045,gap_equal_main,3,S2_delivery_price_tourism_month_fe,sensitivity_delivery,Dynamic relative response; not a pure causal effect or ATT.,,,
z_accommodation_occupancy_rate_total,0.31066207257108563,0.03128430726857031,9.930284532245066,3.073771759723651e-23,0.2493459570434032,0.3719781880987681,111.0,0.9504182282908045,gap_equal_main,3,S2_delivery_price_tourism_month_fe,sensitivity_delivery,Dynamic relative response; not a pure causal effect or ATT.,,,
z_nonresident_expenditure_index,-0.09183000988258015,0.03833460965026636,-2.395485716963394,0.01659836091376922,-0.1669644641585038,-0.01669555560665649,111.0,0.9504182282908045,gap_equal_main,3,S2_delivery_price_tourism_month_fe,sensitivity_delivery,Dynamic relative response; not a pure causal effect or ATT.,,,
month_2,-0.015329043563076773,0.02562502249953208,-0.598206052828117,0.5497024531965327,-0.0655531647651882,0.034895077639034655,111.0,0.9504182282908045,gap_equal_main,3,S2_delivery_price_tourism_month_fe,sensitivity_delivery,Dynamic relative response; not a pure causal effect or ATT.,,,
month_3,0.027059381273217324,0.03472047097314078,0.7793494879188143,0.43577387025684566,-0.040991491360406966,0.09511025390684161,111.0,0.9504182282908045,gap_equal_main,3,S2_delivery_price_tourism_month_fe,sensitivity_delivery,Dynamic relative response; not a pure causal effect or ATT.,,,
month_4,-0.054845662259703803,0.04637908880616696,-1.1825515263769273,0.2369869331819856,-0.14574700595557583,0.036055681436168205,111.0,0.9504182282908045,gap_equal_main,3,S2_delivery_price_tourism_month_fe,sensitivity_delivery,Dynamic relative response; not a pure causal effect or ATT.,,,
month_5,-0.07514496284796075,0.03794782384565721,-1.9802179738578192,0.04767904105550671,-0.14952133087711914,-0.0007685948188023706,111.0,0.9504182282908045,gap_equal_main,3,S2_delivery_price_tourism_month_fe,sensitivity_delivery,Dynamic relative response; not a pure causal effect or ATT.,,,
month_6,-0.06220129117676096,0.042595358837182004,-1.4602833002187248,0.1442122297615561,-0.1456866604061976,0.02128407805267568,111.0,0.9504182282908045,gap_equal_main,3,S2_delivery_price_tourism_month_fe,sensitivity_delivery,Dynamic relative response; not a pure causal effect or ATT.,,,
month_7,-0.009253035630602691,0.040788822125849014,-0.2268522391270226,0.8205386414760849,-0.08919765796907723,0.07069158670787186,111.0,0.9504182282908045,gap_equal_main,3,S2_delivery_price_tourism_month_fe,sensitivity_delivery,Dynamic relative response; not a pure causal effect or ATT.,,,
month_8,0.004157977306426374,0.04323067188924098,0.09618118629012541,0.9233766726989144,-0.08057258262395407,0.08888853723680683,111.0,0.9504182282908045,gap_equal_main,3,S2_delivery_price_tourism_month_fe,sensitivity_delivery,Dynamic relative response; not a pure causal effect or ATT.,,,
month_9,-0.028118816579551655,0.04842674680332443,-0.5806464079396169,0.5614787879469791,-0.12303349620250773,0.0667958630434044,111.0,0.9504182282908045,gap_equal_main,3,S2_delivery_price_tourism_month_fe,sensitivity_delivery,Dynamic relative response; not a pure causal effect or ATT.,,,
month_10,-0.002895857253298856,0.04796652812490554,-0.060372459014711284,0.9518589931574852,-0.09690852484154128,0.09111681033494357,111.0,0.9504182282908045,gap_equal_main,3,S2_delivery_price_tourism_month_fe,sensitivity_delivery,Dynamic relative response; not a pure causal effect or ATT.,,,
month_11,-0.019471569232725236,0.042755423282028214,-0.45541752924031753,0.6488088866586038,-0.10327065900926585,0.06432752054381538,111.0,0.9504182282908045,gap_equal_main,3,S2_delivery_price_tourism_month_fe,sensitivity_delivery,Dynamic relative response; not a pure causal effect or ATT.,,,
month_12,0.05125978330575784,0.029347792901638622,1.7466316284007772,0.08070125720371732,-0.0062608338071941105,0.10878040041870979,111.0,0.9504182282908045,gap_equal_main,3,S2_delivery_price_tourism_month_fe,sensitivity_delivery,Dynamic relative response; not a pure causal effect or ATT.,,,
cumulative_policy_intensity_m_lag,0.13465944169803976,,,,,,,,gap_equal_main,3,S2_delivery_price_tourism_month_fe,sensitivity_delivery,Cumulative dynamic relative response; naive SE ignores lag covariance.,0.06443098036275087,naive_std_error ignores covariance across lag coefficients,4.0
cumulative_delivery_intensity_m_lag,0.2258360223599835,,,,,,,,gap_equal_main,3,S2_delivery_price_tourism_month_fe,sensitivity_delivery,Cumulative delivery-policy sensitivity response; naive SE ignores lag covariance.,0.11902002168085378,naive_std_error ignores covariance across lag coefficients,4.0
const,0.07836392813831158,0.03209270913336699,2.441798472439839,0.014614302175676684,0.015463374070592631,0.14126448220603055,111.0,0.9740660794862366,gap_equal_main,3,S3_full_with_pci_services_sensitivity,sensitivity_delivery,Dynamic relative response; not a pure causal effect or ATT.,,,
policy_intensity_m_lag0,0.006001628244261075,0.022649135402701002,0.2649826643513004,0.791022816448937,-0.03838986142600398,0.05039311791452614,111.0,0.9740660794862366,gap_equal_main,3,S3_full_with_pci_services_sensitivity,sensitivity_delivery,Dynamic relative response; not a pure causal effect or ATT.,,,
policy_intensity_m_lag1,0.04245194172334213,0.01775463748816152,2.3910339905080202,0.01680099735730416,0.007653491687980865,0.0772503917587034,111.0,0.9740660794862366,gap_equal_main,3,S3_full_with_pci_services_sensitivity,sensitivity_delivery,Dynamic relative response; not a pure causal effect or ATT.,,,
policy_intensity_m_lag2,0.0431115143402492,0.025472582502063183,1.6924673553126124,0.0905568993061356,-0.006813829957019818,0.09303685863751822,111.0,0.9740660794862366,gap_equal_main,3,S3_full_with_pci_services_sensitivity,sensitivity_delivery,Dynamic relative response; not a pure causal effect or ATT.,,,
policy_intensity_m_lag3,0.028194606155807853,0.02417428738988212,1.166305575055271,0.24349091993934524,-0.019186126480281885,0.0755753387918976,111.0,0.9740660794862366,gap_equal_main,3,S3_full_with_pci_services_sensitivity,sensitivity_delivery,Dynamic relative response; not a pure causal effect or ATT.,,,
delivery_intensity_m_lag0,-0.018937116598819137,0.0349138405037222,-0.5423956896635371,0.5875459483787789,-0.08736698654809043,0.049492753350452154,111.0,0.9740660794862366,gap_equal_main,3,S3_full_with_pci_services_sensitivity,sensitivity_delivery,Dynamic relative response; not a pure causal effect or ATT.,,,
delivery_intensity_m_lag1,-0.10405156845399266,0.04230809904468263,-2.4593770649941336,0.013917835467313703,-0.18697391883592407,-0.021129218072061237,111.0,0.9740660794862366,gap_equal_main,3,S3_full_with_pci_services_sensitivity,sensitivity_delivery,Dynamic relative response; not a pure causal effect or ATT.,,,
delivery_intensity_m_lag2,-0.00865538048733111,0.032548788457705556,-0.26592020463612825,0.790300664112683,-0.07244983360484701,0.05513907263018479,111.0,0.9740660794862366,gap_equal_main,3,S3_full_with_pci_services_sensitivity,sensitivity_delivery,Dynamic relative response; not a pure causal effect or ATT.,,,
delivery_intensity_m_lag3,-0.08023646205368257,0.03434133687714175,-2.3364396773699716,0.019468338067592243,-0.1475442455138376,-0.012928678593527532,111.0,0.9740660794862366,gap_equal_main,3,S3_full_with_pci_services_sensitivity,sensitivity_delivery,Dynamic relative response; not a pure causal effect or ATT.,,,
z_food_cpi_yoy,0.01643825514664872,0.013167453355517313,1.2484004843473324,0.21188443173899318,-0.009369479198276298,0.04224598949157374,111.0,0.9740660794862366,gap_equal_main,3,S3_full_with_pci_services_sensitivity,sensitivity_delivery,Dynamic relative response; not a pure causal effect or ATT.,,,
z_core_cpi_yoy,-0.0011463578230268587,0.014452364702457015,-0.0793197408609519,0.9367783048342581,-0.02947247213128054,0.027179756485226823,111.0,0.9740660794862366,gap_equal_main,3,S3_full_with_pci_services_sensitivity,sensitivity_delivery,Dynamic relative response; not a pure causal effect or ATT.,,,
z_foreign_tourists_thousand,-0.0402553761647976,0.04534451591473551,-0.887767249307339,0.37466596325805,-0.1291289942540825,0.0486182419244873,111.0,0.9740660794862366,gap_equal_main,3,S3_full_with_pci_services_sensitivity,sensitivity_delivery,Dynamic relative response; not a pure causal effect or ATT.,,,
z_accommodation_occupancy_rate_total,0.18720947708019176,0.027671985875631265,6.765306903580553,1.3302690686800005e-11,0.1329733813832534,0.2414455727771301,111.0,0.9740660794862366,gap_equal_main,3,S3_full_with_pci_services_sensitivity,sensitivity_delivery,Dynamic relative response; not a pure causal effect or ATT.,,,
z_nonresident_expenditure_index,0.24016710378550518,0.06198721373528413,3.8744619948742454,0.000106860517905576,0.11867439736236172,0.3616598102086486,111.0,0.9740660794862366,gap_equal_main,3,S3_full_with_pci_services_sensitivity,sensitivity_delivery,Dynamic relative response; not a pure causal effect or ATT.,,,
z_private_consumption_index,0.3020250437187648,0.09567430771544157,3.156804067159389,0.0015950848623859108,0.11450684635069672,0.4895432410868329,111.0,0.9740660794862366,gap_equal_main,3,S3_full_with_pci_services_sensitivity,sensitivity_delivery,Dynamic relative response; not a pure causal effect or ATT.,,,
z_services_index,-0.17502885281290628,0.09967512832943597,-1.7559932527442448,0.07908956065718416,-0.3703885144930088,0.020330808867196265,111.0,0.9740660794862366,gap_equal_main,3,S3_full_with_pci_services_sensitivity,sensitivity_delivery,Dynamic relative response; not a pure causal effect or ATT.,,,
month_2,0.11296314347336883,0.035733531593947106,3.1612644604235993,0.0015708580597297193,0.04292670850880835,0.1829995784379293,111.0,0.9740660794862366,gap_equal_main,3,S3_full_with_pci_services_sensitivity,sensitivity_delivery,Dynamic relative response; not a pure causal effect or ATT.,,,
month_3,-0.07511890792406863,0.029800026879351245,-2.5207664485738874,0.011709954544963673,-0.1335258873459226,-0.016711928502214646,111.0,0.9740660794862366,gap_equal_main,3,S3_full_with_pci_services_sensitivity,sensitivity_delivery,Dynamic relative response; not a pure causal effect or ATT.,,,
month_4,0.002002793182179989,0.043747466642301565,0.04578078082910955,0.9634849774238683,-0.08374066585159848,0.08774625221595847,111.0,0.9740660794862366,gap_equal_main,3,S3_full_with_pci_services_sensitivity,sensitivity_delivery,Dynamic relative response; not a pure causal effect or ATT.,,,
month_5,-0.02162246850595098,0.04035679600195036,-0.5357825855379107,0.5921088190550974,-0.10072033520120373,0.057475398189301766,111.0,0.9740660794862366,gap_equal_main,3,S3_full_with_pci_services_sensitivity,sensitivity_delivery,Dynamic relative response; not a pure causal effect or ATT.,,,
month_6,0.004100441839952777,0.04012376026834565,0.10219485443361322,0.918602011940611,-0.07454068321032387,0.08274156689022943,111.0,0.9740660794862366,gap_equal_main,3,S3_full_with_pci_services_sensitivity,sensitivity_delivery,Dynamic relative response; not a pure causal effect or ATT.,,,
month_7,-0.018914018290851695,0.04460697423604518,-0.42401482312530414,0.6715550029177583,-0.10634208125280634,0.06851404467110295,111.0,0.9740660794862366,gap_equal_main,3,S3_full_with_pci_services_sensitivity,sensitivity_delivery,Dynamic relative response; not a pure causal effect or ATT.,,,
month_8,-0.016539020604303123,0.044133575585332936,-0.3747491651186221,0.7078470238832535,-0.1030392392605319,0.06996119805192566,111.0,0.9740660794862366,gap_equal_main,3,S3_full_with_pci_services_sensitivity,sensitivity_delivery,Dynamic relative response; not a pure causal effect or ATT.,,,
month_9,0.00880275048998894,0.05031040316300517,0.17496879246759606,0.8611041552828604,-0.08980382775719122,0.10740932873716909,111.0,0.9740660794862366,gap_equal_main,3,S3_full_with_pci_services_sensitivity,sensitivity_delivery,Dynamic relative response; not a pure causal effect or ATT.,,,
month_10,0.044525362244436116,0.04315777099454631,1.0316881807928084,0.3022182160086361,-0.04006231455790204,0.12911303904677426,111.0,0.9740660794862366,gap_equal_main,3,S3_full_with_pci_services_sensitivity,sensitivity_delivery,Dynamic relative response; not a pure causal effect or ATT.,,,
month_11,-0.03703689389919719,0.03691469047141561,-1.0033104280767629,0.31571110623888077,-0.10938835772361569,0.035314569925221306,111.0,0.9740660794862366,gap_equal_main,3,S3_full_with_pci_services_sensitivity,sensitivity_delivery,Dynamic relative response; not a pure causal effect or ATT.,,,
month_12,-0.038403741195130764,0.03283654995367113,-1.1695425143419254,0.2421851227361831,-0.10276219648087656,0.025954714090615033,111.0,0.9740660794862366,gap_equal_main,3,S3_full_with_pci_services_sensitivity,sensitivity_delivery,Dynamic relative response; not a pure causal effect or ATT.,,,
cumulative_policy_intensity_m_lag,0.11975969046366025,,,,,,,,gap_equal_main,3,S3_full_with_pci_services_sensitivity,sensitivity_delivery,Cumulative dynamic relative response; naive SE ignores lag covariance.,0.04540329412012903,naive_std_error ignores covariance across lag coefficients,4.0
cumulative_delivery_intensity_m_lag,-0.21188052759382547,,,,,,,,gap_equal_main,3,S3_full_with_pci_services_sensitivity,sensitivity_delivery,Cumulative delivery-policy sensitivity response; naive SE ignores lag covariance.,0.07244102809919134,naive_std_error ignores covariance across lag coefficients,4.0
const,0.36077472137803507,0.060398126740101976,5.973276670160283,2.3253504263824655e-09,0.2423965682337496,0.4791528745223205,117.0,0.44268586858585857,gap_equal_main,6,A_policy_month_fe,main_policy_only,Dynamic relative response; not a pure causal effect or ATT.,,,
policy_intensity_m_lag0,-0.28339904764119167,0.09648792604021765,-2.9371451877104975,0.0033124898228479535,-0.4725119076229827,-0.09428618765940064,117.0,0.44268586858585857,gap_equal_main,6,A_policy_month_fe,main_policy_only,Dynamic relative response; not a pure causal effect or ATT.,,,
policy_intensity_m_lag1,-0.034305541290079684,0.05345378994576979,-0.6417794009533003,0.5210164262503753,-0.13907304442095772,0.07046196184079836,117.0,0.44268586858585857,gap_equal_main,6,A_policy_month_fe,main_policy_only,Dynamic relative response; not a pure causal effect or ATT.,,,
policy_intensity_m_lag2,-0.06874406238788343,0.0646596789900373,-1.063167393677835,0.28770604626088847,-0.19547470446027776,0.05798657968451089,117.0,0.44268586858585857,gap_equal_main,6,A_policy_month_fe,main_policy_only,Dynamic relative response; not a pure causal effect or ATT.,,,
policy_intensity_m_lag3,-0.06912025554966153,0.0745531330691786,-0.9271274419215105,0.3538603696667938,-0.21524171129987368,0.07700120020055062,117.0,0.44268586858585857,gap_equal_main,6,A_policy_month_fe,main_policy_only,Dynamic relative response; not a pure causal effect or ATT.,,,
policy_intensity_m_lag4,-0.06117254305187155,0.058062050131508246,-1.0535718754904135,0.29207897116892634,-0.17497207017818683,0.052626984074443724,117.0,0.44268586858585857,gap_equal_main,6,A_policy_month_fe,main_policy_only,Dynamic relative response; not a pure causal effect or ATT.,,,
policy_intensity_m_lag5,-0.1321445911839919,0.07104278079179559,-1.8600706463231897,0.06287553152077617,-0.2713858828974852,0.007096700529501371,117.0,0.44268586858585857,gap_equal_main,6,A_policy_month_fe,main_policy_only,Dynamic relative response; not a pure causal effect or ATT.,,,
policy_intensity_m_lag6,-0.04879979932637094,0.10670844827392455,-0.4573189856636285,0.6474417853488676,-0.2579445147894184,0.16034491613667648,117.0,0.44268586858585857,gap_equal_main,6,A_policy_month_fe,main_policy_only,Dynamic relative response; not a pure causal effect or ATT.,,,
month_2,-0.023410969783209622,0.045789509570909735,-0.5112736520349785,0.6091594518477281,-0.11315675941194481,0.06633481984552556,117.0,0.44268586858585857,gap_equal_main,6,A_policy_month_fe,main_policy_only,Dynamic relative response; not a pure causal effect or ATT.,,,
month_3,-0.044168554912706506,0.08756937347396315,-0.5043835893817268,0.6139918478131992,-0.21580137307041142,0.12746426324499843,117.0,0.44268586858585857,gap_equal_main,6,A_policy_month_fe,main_policy_only,Dynamic relative response; not a pure causal effect or ATT.,,,
month_4,-0.20340837575316156,0.156772594004677,-1.2974740709278134,0.19446812102474786,-0.5106770137652485,0.10386026225892536,117.0,0.44268586858585857,gap_equal_main,6,A_policy_month_fe,main_policy_only,Dynamic relative response; not a pure causal effect or ATT.,,,
month_5,-0.3320140416796018,0.12192119100494941,-2.7231856820208034,0.006465570722223577,-0.5709751850015314,-0.09305289835767216,117.0,0.44268586858585857,gap_equal_main,6,A_policy_month_fe,main_policy_only,Dynamic relative response; not a pure causal effect or ATT.,,,
month_6,-0.34962525093571084,0.09377468543125027,-3.72835429228962,0.00019273429275914352,-0.5334202570425343,-0.16583024482888742,117.0,0.44268586858585857,gap_equal_main,6,A_policy_month_fe,main_policy_only,Dynamic relative response; not a pure causal effect or ATT.,,,
month_7,-0.2625802321225529,0.07483197192015334,-3.5089310809920833,0.000449911472970153,-0.409248201978166,-0.11591226226693971,117.0,0.44268586858585857,gap_equal_main,6,A_policy_month_fe,main_policy_only,Dynamic relative response; not a pure causal effect or ATT.,,,
month_8,-0.25406921559896845,0.06997588865437177,-3.6308108476318064,0.00028253219715885494,-0.3912194371477221,-0.1169189940502148,117.0,0.44268586858585857,gap_equal_main,6,A_policy_month_fe,main_policy_only,Dynamic relative response; not a pure causal effect or ATT.,,,
month_9,-0.2699130776081857,0.06294264413016985,-4.288238623245416,1.8009555978822554e-05,-0.3932783931950401,-0.14654776202133138,117.0,0.44268586858585857,gap_equal_main,6,A_policy_month_fe,main_policy_only,Dynamic relative response; not a pure causal effect or ATT.,,,
month_10,-0.1843962820349132,0.06973128673455359,-2.6443837575643108,0.008183981134483298,-0.3210670926302739,-0.04772547143955255,117.0,0.44268586858585857,gap_equal_main,6,A_policy_month_fe,main_policy_only,Dynamic relative response; not a pure causal effect or ATT.,,,
month_11,-0.11725213460684972,0.06435057597705428,-1.8220836849798943,0.06844228885148716,-0.2433769459062845,0.008872676692585069,117.0,0.44268586858585857,gap_equal_main,6,A_policy_month_fe,main_policy_only,Dynamic relative response; not a pure causal effect or ATT.,,,
month_12,0.09018970786752283,0.05574530513996813,1.6178888543361625,0.10568655269234516,-0.019069082514010266,0.19944849824905592,117.0,0.44268586858585857,gap_equal_main,6,A_policy_month_fe,main_policy_only,Dynamic relative response; not a pure causal effect or ATT.,,,
cumulative_policy_intensity_m_lag,-0.6976858404310508,,,,,,,,gap_equal_main,6,A_policy_month_fe,main_policy_only,Cumulative dynamic relative response; naive SE ignores lag covariance.,0.20423330426198377,naive_std_error ignores covariance across lag coefficients,7.0
const,0.3789429650306808,0.05490181181916438,6.902194162167969,5.120538042094147e-12,0.27133739117912314,0.4865485388822385,111.0,0.565507119696346,gap_equal_main,6,B_price_month_fe,main_policy_only,Dynamic relative response; not a pure causal effect or ATT.,,,
policy_intensity_m_lag0,-0.23137689222430735,0.08186626408272436,-2.826278868552072,0.004709224640730609,-0.3918318213752921,-0.0709219630733226,111.0,0.565507119696346,gap_equal_main,6,B_price_month_fe,main_policy_only,Dynamic relative response; not a pure causal effect or ATT.,,,
policy_intensity_m_lag1,-0.006492995196482634,0.05684192849099683,-0.1142289744358525,0.9090562839524423,-0.11790112785063761,0.10491513745767234,111.0,0.565507119696346,gap_equal_main,6,B_price_month_fe,main_policy_only,Dynamic relative response; not a pure causal effect or ATT.,,,
policy_intensity_m_lag2,-0.059331720000670454,0.07088970511172772,-0.8369582001668511,0.40261606412785156,-0.19827298889432177,0.07960954889298084,111.0,0.565507119696346,gap_equal_main,6,B_price_month_fe,main_policy_only,Dynamic relative response; not a pure causal effect or ATT.,,,
policy_intensity_m_lag3,-0.11498853914544202,0.07298780315423846,-1.5754486938378902,0.11515291225991166,-0.2580420046384484,0.02806492634756433,111.0,0.565507119696346,gap_equal_main,6,B_price_month_fe,main_policy_only,Dynamic relative response; not a pure causal effect or ATT.,,,
policy_intensity_m_lag4,-0.07715649145326985,0.06196672029410062,-1.2451278861795003,0.21308474508466013,-0.19860903146977432,0.044296048563234644,111.0,0.565507119696346,gap_equal_main,6,B_price_month_fe,main_policy_only,Dynamic relative response; not a pure causal effect or ATT.,,,
policy_intensity_m_lag5,-0.1306449409524452,0.06267770910781725,-2.0843924069993007,0.03712448794183457,-0.2534909934372451,-0.00779888846764526,111.0,0.565507119696346,gap_equal_main,6,B_price_month_fe,main_policy_only,Dynamic relative response; not a pure causal effect or ATT.,,,
policy_intensity_m_lag6,-0.19355137417760515,0.09073640572198542,-2.1331170508411232,0.032915125388008316,-0.3713914614793107,-0.01571128687589965,111.0,0.565507119696346,gap_equal_main,6,B_price_month_fe,main_policy_only,Dynamic relative response; not a pure causal effect or ATT.,,,
z_food_cpi_yoy,-0.08590254668764143,0.09294427680792887,-0.9242370766428221,0.35536289562373324,-0.26806998180030345,0.09626488842502058,111.0,0.565507119696346,gap_equal_main,6,B_price_month_fe,main_policy_only,Dynamic relative response; not a pure causal effect or ATT.,,,
z_core_cpi_yoy,0.1920580384727409,0.1037906259299076,1.8504372312239687,0.06425055704688135,-0.011367850282747088,0.3954839272282289,111.0,0.565507119696346,gap_equal_main,6,B_price_month_fe,main_policy_only,Dynamic relative response; not a pure causal effect or ATT.,,,
month_2,-0.02459360471859261,0.04709204400085326,-0.5222454289337494,0.6014994593924656,-0.11689231491864051,0.0677051054814553,111.0,0.565507119696346,gap_equal_main,6,B_price_month_fe,main_policy_only,Dynamic relative response; not a pure causal effect or ATT.,,,
month_3,-0.026806269575873374,0.08822447990682007,-0.3038416276773217,0.7612485507678555,-0.19972307274801837,0.14611053359627163,111.0,0.565507119696346,gap_equal_main,6,B_price_month_fe,main_policy_only,Dynamic relative response; not a pure causal effect or ATT.,,,
month_4,-0.17867423059459298,0.15146256703405958,-1.1796593316315198,0.23813573489356976,-0.47553540698733343,0.11818694579814748,111.0,0.565507119696346,gap_equal_main,6,B_price_month_fe,main_policy_only,Dynamic relative response; not a pure causal effect or ATT.,,,
month_5,-0.3184110917801355,0.11069454389154121,-2.8764840667496268,0.004021324967309837,-0.5353684110926444,-0.10145377246762649,111.0,0.565507119696346,gap_equal_main,6,B_price_month_fe,main_policy_only,Dynamic relative response; not a pure causal effect or ATT.,,,
month_6,-0.3259744800730121,0.07932667343991374,-4.109266983443123,3.9691698592181394e-05,-0.4814519030286131,-0.1704970571174111,111.0,0.565507119696346,gap_equal_main,6,B_price_month_fe,main_policy_only,Dynamic relative response; not a pure causal effect or ATT.,,,
month_7,-0.25318027797253007,0.08127435965443332,-3.115131008709457,0.00183863228484358,-0.4124750957617746,-0.09388546018328553,111.0,0.565507119696346,gap_equal_main,6,B_price_month_fe,main_policy_only,Dynamic relative response; not a pure causal effect or ATT.,,,
month_8,-0.24085443165098314,0.07334330141582969,-3.2839322337758783,0.0010236953418030204,-0.3846046609332749,-0.09710420236869138,111.0,0.565507119696346,gap_equal_main,6,B_price_month_fe,main_policy_only,Dynamic relative response; not a pure causal effect or ATT.,,,
month_9,-0.25332277375357576,0.06374815951874546,-3.973805293611417,7.073339259972216e-05,-0.3782668704910311,-0.12837867701612043,111.0,0.565507119696346,gap_equal_main,6,B_price_month_fe,main_policy_only,Dynamic relative response; not a pure causal effect or ATT.,,,
month_10,-0.1792411935907431,0.07035846667033396,-2.547542635210932,0.010848459589702663,-0.3171412542720594,-0.04134113290942673,111.0,0.565507119696346,gap_equal_main,6,B_price_month_fe,main_policy_only,Dynamic relative response; not a pure causal effect or ATT.,,,
month_11,-0.1266179120611986,0.07237065813108037,-1.749575246806014,0.08019163410571585,-0.2684617955355769,0.015225971413179745,111.0,0.565507119696346,gap_equal_main,6,B_price_month_fe,main_policy_only,Dynamic relative response; not a pure causal effect or ATT.,,,
month_12,0.08820823948893013,0.05144987473400563,1.7144500340372875,0.08644610616511778,-0.012631661998818197,0.18904814097667844,111.0,0.565507119696346,gap_equal_main,6,B_price_month_fe,main_policy_only,Dynamic relative response; not a pure causal effect or ATT.,,,
cumulative_policy_intensity_m_lag,-0.8135429531502226,,,,,,,,gap_equal_main,6,B_price_month_fe,main_policy_only,Cumulative dynamic relative response; naive SE ignores lag covariance.,0.19049179692549428,naive_std_error ignores covariance across lag coefficients,7.0
const,0.09839700679745364,0.03262748070204615,3.0157708986487246,0.0025632685348244565,0.03444831971516754,0.16234569387973974,117.0,0.9362555902129593,gap_equal_main,6,C_tourism_month_fe,main_policy_only,Dynamic relative response; not a pure causal effect or ATT.,,,
policy_intensity_m_lag0,0.01277433419831327,0.037427399442442895,0.34130969259454075,0.7328704519089244,-0.0605820207438693,0.08613068914049583,117.0,0.9362555902129593,gap_equal_main,6,C_tourism_month_fe,main_policy_only,Dynamic relative response; not a pure causal effect or ATT.,,,
policy_intensity_m_lag1,0.05649338606270107,0.02477035079309247,2.2806857494507096,0.022567049028097592,0.007944390623816668,0.10504238150158549,117.0,0.9362555902129593,gap_equal_main,6,C_tourism_month_fe,main_policy_only,Dynamic relative response; not a pure causal effect or ATT.,,,
policy_intensity_m_lag2,0.05375470861461383,0.02903113832710988,1.851622489236551,0.0640800513379463,-0.0031452769367219247,0.11065469416594959,117.0,0.9362555902129593,gap_equal_main,6,C_tourism_month_fe,main_policy_only,Dynamic relative response; not a pure causal effect or ATT.,,,
policy_intensity_m_lag3,0.06034993287867762,0.033654009378145715,1.7932464509820853,0.07293352562849882,-0.005610713437861202,0.12631057919521643,117.0,0.9362555902129593,gap_equal_main,6,C_tourism_month_fe,main_policy_only,Dynamic relative response; not a pure causal effect or ATT.,,,
policy_intensity_m_lag4,0.02419674592060664,0.02181184408351968,1.1093397618264158,0.26728363814937817,-0.018553682919495,0.06694717476070829,117.0,0.9362555902129593,gap_equal_main,6,C_tourism_month_fe,main_policy_only,Dynamic relative response; not a pure causal effect or ATT.,,,
policy_intensity_m_lag5,-0.048350060737852314,0.03660558125455145,-1.3208384918581395,0.18655522218794673,-0.12009568162992768,0.023395560154223054,117.0,0.9362555902129593,gap_equal_main,6,C_tourism_month_fe,main_policy_only,Dynamic relative response; not a pure causal effect or ATT.,,,
policy_intensity_m_lag6,0.008091183627396716,0.02378849328330259,0.3401301432182764,0.7337585225804576,-0.03853340645434934,0.05471577370914277,117.0,0.9362555902129593,gap_equal_main,6,C_tourism_month_fe,main_policy_only,Dynamic relative response; not a pure causal effect or ATT.,,,
z_foreign_tourists_thousand,0.13805359658179928,0.0815533286536566,1.6928014939536056,0.09049325823668965,-0.02178799039872606,0.2978951835623246,117.0,0.9362555902129593,gap_equal_main,6,C_tourism_month_fe,main_policy_only,Dynamic relative response; not a pure causal effect or ATT.,,,
z_accommodation_occupancy_rate_total,0.2925648760940909,0.03669354989377424,7.973196295835364,1.5462228731508591e-15,0.22064683983736982,0.3644829123508119,117.0,0.9362555902129593,gap_equal_main,6,C_tourism_month_fe,main_policy_only,Dynamic relative response; not a pure causal effect or ATT.,,,
z_nonresident_expenditure_index,-0.11742484961004905,0.047865522085817194,-2.4532240429660463,0.014158212583730493,-0.2112395489994573,-0.02361015022064082,117.0,0.9362555902129593,gap_equal_main,6,C_tourism_month_fe,main_policy_only,Dynamic relative response; not a pure causal effect or ATT.,,,
month_2,-0.01379473785123164,0.020696905236332427,-0.6665121038006995,0.505083829779823,-0.054359926705881655,0.02677045100341837,117.0,0.9362555902129593,gap_equal_main,6,C_tourism_month_fe,main_policy_only,Dynamic relative response; not a pure causal effect or ATT.,,,
month_3,0.030342357039150756,0.029474562488575756,1.0294421520560773,0.30327194999155127,-0.027426723898532995,0.0881114379768345,117.0,0.9362555902129593,gap_equal_main,6,C_tourism_month_fe,main_policy_only,Dynamic relative response; not a pure causal effect or ATT.,,,
month_4,-0.06110366313320267,0.047202766397545504,-1.2944932637757434,0.19549509458519798,-0.15361938524304933,0.03141205897664399,117.0,0.9362555902129593,gap_equal_main,6,C_tourism_month_fe,main_policy_only,Dynamic relative response; not a pure causal effect or ATT.,,,
month_5,-0.07697304191501618,0.03638138810142272,-2.115725812891842,0.03436813387173627,-0.14827925230137876,-0.005666831528653604,117.0,0.9362555902129593,gap_equal_main,6,C_tourism_month_fe,main_policy_only,Dynamic relative response; not a pure causal effect or ATT.,,,
month_6,-0.07214113586670191,0.03981465553976851,-1.8119241492531408,0.0699979173962319,-0.15017642678151633,0.005894155048112512,117.0,0.9362555902129593,gap_equal_main,6,C_tourism_month_fe,main_policy_only,Dynamic relative response; not a pure causal effect or ATT.,,,
month_7,-0.026945355987633427,0.03850151996615095,-0.6998517464069663,0.48401989478524254,-0.10240694847133909,0.04851623649607224,117.0,0.9362555902129593,gap_equal_main,6,C_tourism_month_fe,main_policy_only,Dynamic relative response; not a pure causal effect or ATT.,,,
month_8,-0.013916271317387699,0.042863068152387405,-0.3246681098028813,0.7454322729016281,-0.0979263411629528,0.07009379852817742,117.0,0.9362555902129593,gap_equal_main,6,C_tourism_month_fe,main_policy_only,Dynamic relative response; not a pure causal effect or ATT.,,,
month_9,-0.05212797283291272,0.050338980999502486,-1.0355388964553716,0.3004173111580206,-0.1507905626103837,0.04653461694455825,117.0,0.9362555902129593,gap_equal_main,6,C_tourism_month_fe,main_policy_only,Dynamic relative response; not a pure causal effect or ATT.,,,
month_10,-0.03899431064138525,0.04734492364317735,-0.8236217875283136,0.41015449230056744,-0.13178865583281174,0.05380003455004124,117.0,0.9362555902129593,gap_equal_main,6,C_tourism_month_fe,main_policy_only,Dynamic relative response; not a pure causal effect or ATT.,,,
month_11,-0.05381888109805189,0.04057118931301218,-1.3265295400347275,0.18466435714259521,-0.1333369509615121,0.02569918876540831,117.0,0.9362555902129593,gap_equal_main,6,C_tourism_month_fe,main_policy_only,Dynamic relative response; not a pure causal effect or ATT.,,,
month_12,0.0398243339631065,0.028455193408151145,1.3995453621376055,0.16164950534908928,-0.015946820289991295,0.0955954882162043,117.0,0.9362555902129593,gap_equal_main,6,C_tourism_month_fe,main_policy_only,Dynamic relative response; not a pure causal effect or ATT.,,,
cumulative_policy_intensity_m_lag,0.16731023056445685,,,,,,,,gap_equal_main,6,C_tourism_month_fe,main_policy_only,Cumulative dynamic relative response; naive SE ignores lag covariance.,0.07982103345125402,naive_std_error ignores covariance across lag coefficients,7.0
const,0.09358988834790176,0.031990091039792834,2.9255899344420198,0.003438037858779695,0.03089046204775031,0.1562893146480532,111.0,0.9489814869654586,gap_equal_main,6,D_price_tourism_month_fe,main_policy_only,Dynamic relative response; not a pure causal effect or ATT.,,,
policy_intensity_m_lag0,-0.0038401193404017375,0.03486448186292582,-0.11014416779516929,0.9122950403904893,-0.07217324813138627,0.0644930094505828,111.0,0.9489814869654586,gap_equal_main,6,D_price_tourism_month_fe,main_policy_only,Dynamic relative response; not a pure causal effect or ATT.,,,
policy_intensity_m_lag1,0.049233081404136514,0.023000562068129105,2.1405164473070286,0.032313053056545055,0.004152808126425364,0.09431335468184766,111.0,0.9489814869654586,gap_equal_main,6,D_price_tourism_month_fe,main_policy_only,Dynamic relative response; not a pure causal effect or ATT.,,,
policy_intensity_m_lag2,0.052792723511486596,0.027535498969728518,1.9172604632850456,0.055204850076766614,-0.001175862765521063,0.10676130978849425,111.0,0.9489814869654586,gap_equal_main,6,D_price_tourism_month_fe,main_policy_only,Dynamic relative response; not a pure causal effect or ATT.,,,
policy_intensity_m_lag3,0.06627602327762017,0.036263968363685034,1.8275998537432376,0.06760962777071636,-0.0048000486517024155,0.13735209520694275,111.0,0.9489814869654586,gap_equal_main,6,D_price_tourism_month_fe,main_policy_only,Dynamic relative response; not a pure causal effect or ATT.,,,
policy_intensity_m_lag4,0.02466422270440033,0.01977349219922303,1.2473377214253267,0.2122736916805984,-0.01409110985466052,0.06341955526346119,111.0,0.9489814869654586,gap_equal_main,6,D_price_tourism_month_fe,main_policy_only,Dynamic relative response; not a pure causal effect or ATT.,,,
policy_intensity_m_lag5,-0.05245381466378834,0.03534886983088699,-1.4838894401640943,0.13783825377863893,-0.1217363264265213,0.016828697098944627,111.0,0.9489814869654586,gap_equal_main,6,D_price_tourism_month_fe,main_policy_only,Dynamic relative response; not a pure causal effect or ATT.,,,
policy_intensity_m_lag6,0.016770891908241443,0.03067854087155881,0.5466652399948152,0.5846087390803869,-0.04335794329825386,0.07689972711473675,111.0,0.9489814869654586,gap_equal_main,6,D_price_tourism_month_fe,main_policy_only,Dynamic relative response; not a pure causal effect or ATT.,,,
z_food_cpi_yoy,0.03191470864666839,0.019898095621373856,1.6039076931757579,0.10873440080795585,-0.007084842132158514,0.0709142594254953,111.0,0.9489814869654586,gap_equal_main,6,D_price_tourism_month_fe,main_policy_only,Dynamic relative response; not a pure causal effect or ATT.,,,
z_core_cpi_yoy,-0.03297996296506116,0.023192238000135014,-1.422025893528221,0.15501873413650583,-0.07843591416620704,0.012475988236084722,111.0,0.9489814869654586,gap_equal_main,6,D_price_tourism_month_fe,main_policy_only,Dynamic relative response; not a pure causal effect or ATT.,,,
z_foreign_tourists_thousand,0.10151035288715674,0.06483902484242135,1.565574947091785,0.11744815890020223,-0.025571800596686955,0.22859250637100043,111.0,0.9489814869654586,gap_equal_main,6,D_price_tourism_month_fe,main_policy_only,Dynamic relative response; not a pure causal effect or ATT.,,,
z_accommodation_occupancy_rate_total,0.31226766229472863,0.033717921736315305,9.261177623483423,2.0218974590116467e-20,0.2461817500580104,0.37835357453144686,111.0,0.9489814869654586,gap_equal_main,6,D_price_tourism_month_fe,main_policy_only,Dynamic relative response; not a pure causal effect or ATT.,,,
z_nonresident_expenditure_index,-0.09473456532771586,0.04321879673761066,-2.191976003007835,0.028381239420408547,-0.17944185038858995,-0.010027280266841784,111.0,0.9489814869654586,gap_equal_main,6,D_price_tourism_month_fe,main_policy_only,Dynamic relative response; not a pure causal effect or ATT.,,,
month_2,-0.011708397826218351,0.0216850561345575,-0.5399293298374147,0.5892457700497574,-0.054210326852680416,0.03079353120024371,111.0,0.9489814869654586,gap_equal_main,6,D_price_tourism_month_fe,main_policy_only,Dynamic relative response; not a pure causal effect or ATT.,,,
month_3,0.03547032824550972,0.031459234387140496,1.1275013183413272,0.2595305834276145,-0.026188638134489656,0.0971292946255091,111.0,0.9489814869654586,gap_equal_main,6,D_price_tourism_month_fe,main_policy_only,Dynamic relative response; not a pure causal effect or ATT.,,,
month_4,-0.0545083765842322,0.04849226468386963,-1.1240633313288781,0.2609861598472817,-0.14955146889340026,0.04053471572493586,111.0,0.9489814869654586,gap_equal_main,6,D_price_tourism_month_fe,main_policy_only,Dynamic relative response; not a pure causal effect or ATT.,,,
month_5,-0.06679782898562618,0.035336480626263475,-1.8903362135045045,0.05871300843782588,-0.1360560583535,0.00246040038224761,111.0,0.9489814869654586,gap_equal_main,6,D_price_tourism_month_fe,main_policy_only,Dynamic relative response; not a pure causal effect or ATT.,,,
month_6,-0.06226276393180513,0.04074063501378613,-1.5282718080053534,0.12644506648038636,-0.14211294126611745,0.017587413402507177,111.0,0.9489814869654586,gap_equal_main,6,D_price_tourism_month_fe,main_policy_only,Dynamic relative response; not a pure causal effect or ATT.,,,
month_7,-0.004103983299776248,0.038782903767429086,-0.10581939208025168,0.9157256505208808,-0.08011707789982003,0.07190911130026753,111.0,0.9489814869654586,gap_equal_main,6,D_price_tourism_month_fe,main_policy_only,Dynamic relative response; not a pure causal effect or ATT.,,,
month_8,0.009123604004884971,0.04361167743985845,0.20920094205196854,0.8342913770445799,-0.07635371308261557,0.09460092109238552,111.0,0.9489814869654586,gap_equal_main,6,D_price_tourism_month_fe,main_policy_only,Dynamic relative response; not a pure causal effect or ATT.,,,
month_9,-0.025383587000311826,0.05296951993381473,-0.47921119602421447,0.6317883901156007,-0.12920193834896515,0.07843476434834151,111.0,0.9489814869654586,gap_equal_main,6,D_price_tourism_month_fe,main_policy_only,Dynamic relative response; not a pure causal effect or ATT.,,,
month_10,-0.009519441917989976,0.04956745679727228,-0.19205023886789033,0.8477028528736026,-0.10666987204588874,0.08763098820990878,111.0,0.9489814869654586,gap_equal_main,6,D_price_tourism_month_fe,main_policy_only,Dynamic relative response; not a pure causal effect or ATT.,,,
month_11,-0.022055054425637093,0.04041421457782853,-0.5457251775402959,0.5852548623675099,-0.10126545946165463,0.057155350610380455,111.0,0.9489814869654586,gap_equal_main,6,D_price_tourism_month_fe,main_policy_only,Dynamic relative response; not a pure causal effect or ATT.,,,
month_12,0.06249052707815002,0.02957396127379225,2.1130252555489637,0.034598606292601454,0.0045266281013349105,0.12045442605496512,111.0,0.9489814869654586,gap_equal_main,6,D_price_tourism_month_fe,main_policy_only,Dynamic relative response; not a pure causal effect or ATT.,,,
cumulative_policy_intensity_m_lag,0.15344300880169495,,,,,,,,gap_equal_main,6,D_price_tourism_month_fe,main_policy_only,Cumulative dynamic relative response; naive SE ignores lag covariance.,0.07999714693722547,naive_std_error ignores covariance across lag coefficients,7.0
const,0.3309541797925891,0.05681240586217736,5.825385754573731,5.698082819643867e-09,0.21960391042764926,0.442304449157529,117.0,0.5061833423627441,gap_equal_main,6,S1_delivery_policy_month_fe,sensitivity_delivery,Dynamic relative response; not a pure causal effect or ATT.,,,
policy_intensity_m_lag0,-0.3335121970024234,0.0815976850828813,-4.087275229237995,4.364692067577694e-05,-0.493440720986712,-0.17358367301813485,117.0,0.5061833423627441,gap_equal_main,6,S1_delivery_policy_month_fe,sensitivity_delivery,Dynamic relative response; not a pure causal effect or ATT.,,,
policy_intensity_m_lag1,-0.04790962995188638,0.05567717464619235,-0.8604896037978611,0.3895192118446019,-0.15703488701937002,0.061215627115597256,117.0,0.5061833423627441,gap_equal_main,6,S1_delivery_policy_month_fe,sensitivity_delivery,Dynamic relative response; not a pure causal effect or ATT.,,,
policy_intensity_m_lag2,-0.052868889892600766,0.07040208084449875,-0.7509563532557427,0.45267892383260666,-0.19085443278449557,0.08511665299929402,117.0,0.5061833423627441,gap_equal_main,6,S1_delivery_policy_month_fe,sensitivity_delivery,Dynamic relative response; not a pure causal effect or ATT.,,,
policy_intensity_m_lag3,-0.09967611915683816,0.0796931650103064,-1.2507486576037912,0.21102619203195072,-0.2558718523910463,0.056519614077369995,117.0,0.5061833423627441,gap_equal_main,6,S1_delivery_policy_month_fe,sensitivity_delivery,Dynamic relative response; not a pure causal effect or ATT.,,,
policy_intensity_m_lag4,-0.05379264958290856,0.06046936470919234,-0.8895851617030663,0.3736886766094889,-0.17231042658094292,0.06472512741512579,117.0,0.5061833423627441,gap_equal_main,6,S1_delivery_policy_month_fe,sensitivity_delivery,Dynamic relative response; not a pure causal effect or ATT.,,,
policy_intensity_m_lag5,-0.09130526309870436,0.06644008289027428,-1.3742496867364675,0.1693641802321455,-0.22152543269349784,0.0389149064960891,117.0,0.5061833423627441,gap_equal_main,6,S1_delivery_policy_month_fe,sensitivity_delivery,Dynamic relative response; not a pure causal effect or ATT.,,,
policy_intensity_m_lag6,-0.03928983640078789,0.11252284815987486,-0.34917207521235205,0.7269601291797501,-0.2598305662320117,0.1812508934304359,117.0,0.5061833423627441,gap_equal_main,6,S1_delivery_policy_month_fe,sensitivity_delivery,Dynamic relative response; not a pure causal effect or ATT.,,,
delivery_intensity_m_lag0,0.6650801728558704,0.1067137038116565,6.232378308503829,4.5940639030975253e-10,0.455925156728149,0.8742351889835918,117.0,0.5061833423627441,gap_equal_main,6,S1_delivery_policy_month_fe,sensitivity_delivery,Dynamic relative response; not a pure causal effect or ATT.,,,
delivery_intensity_m_lag1,-0.14472159464468404,0.09870161179131826,-1.4662536104340869,0.1425792083193977,-0.3381731989717217,0.048730009682353664,117.0,0.5061833423627441,gap_equal_main,6,S1_delivery_policy_month_fe,sensitivity_delivery,Dynamic relative response; not a pure causal effect or ATT.,,,
delivery_intensity_m_lag2,0.6446780503642824,0.1333030825791659,4.836182614017359,1.323563353386125e-06,0.3834088094809485,0.9059472912476163,117.0,0.5061833423627441,gap_equal_main,6,S1_delivery_policy_month_fe,sensitivity_delivery,Dynamic relative response; not a pure causal effect or ATT.,,,
delivery_intensity_m_lag3,-0.39739881991715936,0.1519337223523941,-2.6156064220913056,0.008906915980983265,-0.69518344376496,-0.09961419606935873,117.0,0.5061833423627441,gap_equal_main,6,S1_delivery_policy_month_fe,sensitivity_delivery,Dynamic relative response; not a pure causal effect or ATT.,,,
delivery_intensity_m_lag4,0.9086137037923274,0.17994439538154702,5.049413747317546,4.431679727257358e-07,0.5559291696246595,1.2612982379599953,117.0,0.5061833423627441,gap_equal_main,6,S1_delivery_policy_month_fe,sensitivity_delivery,Dynamic relative response; not a pure causal effect or ATT.,,,
delivery_intensity_m_lag5,-5.9272541593011405e-16,1.338252418736124e-16,-4.429100277583637,9.462702040153748e-06,-8.550180702247559e-16,-3.3043276163547217e-16,117.0,0.5061833423627441,gap_equal_main,6,S1_delivery_policy_month_fe,sensitivity_delivery,Dynamic relative response; not a pure causal effect or ATT.,,,
delivery_intensity_m_lag6,3.4205153315893855e-16,9.064398531963107e-17,3.77357120776175,0.0001609272590219722,1.6439258651728427e-16,5.197104798005929e-16,117.0,0.5061833423627441,gap_equal_main,6,S1_delivery_policy_month_fe,sensitivity_delivery,Dynamic relative response; not a pure causal effect or ATT.,,,
month_2,-0.02188332984302254,0.04390111226829625,-0.4984686882028241,0.618153733493982,-0.10792792877013271,0.06416126908408762,117.0,0.5061833423627441,gap_equal_main,6,S1_delivery_policy_month_fe,sensitivity_delivery,Dynamic relative response; not a pure causal effect or ATT.,,,
month_3,-0.043737516557142725,0.09236673840365614,-0.4735202012439087,0.6358420920728192,-0.22477299719774144,0.137297964083456,117.0,0.5061833423627441,gap_equal_main,6,S1_delivery_policy_month_fe,sensitivity_delivery,Dynamic relative response; not a pure causal effect or ATT.,,,
month_4,-0.17901466601036048,0.1589300391774439,-1.1263740129736726,0.26000724170954015,-0.4905118188596903,0.13248248683896935,117.0,0.5061833423627441,gap_equal_main,6,S1_delivery_policy_month_fe,sensitivity_delivery,Dynamic relative response; not a pure causal effect or ATT.,,,
month_5,-0.3094282783836131,0.12427033378723619,-2.4899609500799014,0.012775713140736321,-0.552993656953367,-0.06586289981385915,117.0,0.5061833423627441,gap_equal_main,6,S1_delivery_policy_month_fe,sensitivity_delivery,Dynamic relative response; not a pure causal effect or ATT.,,,
month_6,-0.3230694300341889,0.09348445173989871,-3.455862702527938,0.0005485346480101108,-0.5062955885588631,-0.13984327150951467,117.0,0.5061833423627441,gap_equal_main,6,S1_delivery_policy_month_fe,sensitivity_delivery,Dynamic relative response; not a pure causal effect or ATT.,,,
month_7,-0.23528762984367568,0.07383448351904391,-3.1866902648948394,0.0014391079839259596,-0.38000055835811797,-0.09057470132923343,117.0,0.5061833423627441,gap_equal_main,6,S1_delivery_policy_month_fe,sensitivity_delivery,Dynamic relative response; not a pure causal effect or ATT.,,,
month_8,-0.22868479776029021,0.07029865207083451,-3.253046694691418,0.001141747333919613,-0.36646762398083793,-0.0909019715397425,117.0,0.5061833423627441,gap_equal_main,6,S1_delivery_policy_month_fe,sensitivity_delivery,Dynamic relative response; not a pure causal effect or ATT.,,,
month_9,-0.23628293992748745,0.06171618986658933,-3.8285406218085662,0.00012890535709451023,-0.35724444932903837,-0.1153214305259365,117.0,0.5061833423627441,gap_equal_main,6,S1_delivery_policy_month_fe,sensitivity_delivery,Dynamic relative response; not a pure causal effect or ATT.,,,
month_10,-0.1358189391285453,0.06906301753898111,-1.966594336134897,0.0492299969638337,-0.2711799661686064,-0.00045791208848425247,117.0,0.5061833423627441,gap_equal_main,6,S1_delivery_policy_month_fe,sensitivity_delivery,Dynamic relative response; not a pure causal effect or ATT.,,,
month_11,-0.12224862045727682,0.06055085950008182,-2.0189411259655468,0.04349333905125897,-0.24092612431038218,-0.003571116604171462,117.0,0.5061833423627441,gap_equal_main,6,S1_delivery_policy_month_fe,sensitivity_delivery,Dynamic relative response; not a pure causal effect or ATT.,,,
month_12,0.08056819926172507,0.054587030658968874,1.4759586350294982,0.13995499712170928,-0.026420414852837665,0.1875568133762878,117.0,0.5061833423627441,gap_equal_main,6,S1_delivery_policy_month_fe,sensitivity_delivery,Dynamic relative response; not a pure causal effect or ATT.,,,
cumulative_policy_intensity_m_lag,-0.7183545850861494,,,,,,,,gap_equal_main,6,S1_delivery_policy_month_fe,sensitivity_delivery,Cumulative dynamic relative response; naive SE ignores lag covariance.,0.20444511137435648,naive_std_error ignores covariance across lag coefficients,7.0
cumulative_delivery_intensity_m_lag,1.6762515124506365,,,,,,,,gap_equal_main,6,S1_delivery_policy_month_fe,sensitivity_delivery,Cumulative delivery-policy sensitivity response; naive SE ignores lag covariance.,0.3071862236390149,naive_std_error ignores covariance across lag coefficients,7.0
const,0.08976830213925405,0.03380067248884355,2.6558140868020748,0.007911721854427381,0.023520201407886854,0.15601640287062124,111.0,0.9522250984932538,gap_equal_main,6,S2_delivery_price_tourism_month_fe,sensitivity_delivery,Dynamic relative response; not a pure causal effect or ATT.,,,
policy_intensity_m_lag0,-0.0210399316200835,0.032258200103271475,-0.65223513874693,0.5142494950222285,-0.08426484202858184,0.042184978788414845,111.0,0.9522250984932538,gap_equal_main,6,S2_delivery_price_tourism_month_fe,sensitivity_delivery,Dynamic relative response; not a pure causal effect or ATT.,,,
policy_intensity_m_lag1,0.04288203617164504,0.025031313658966298,1.7131356650266956,0.08668758402969699,-0.00617843708565443,0.0919425094289445,111.0,0.9522250984932538,gap_equal_main,6,S2_delivery_price_tourism_month_fe,sensitivity_delivery,Dynamic relative response; not a pure causal effect or ATT.,,,
policy_intensity_m_lag2,0.05107422457907166,0.031110335791504157,1.6417124174217173,0.10064961703103129,-0.009900913119223885,0.1120493622773672,111.0,0.9522250984932538,gap_equal_main,6,S2_delivery_price_tourism_month_fe,sensitivity_delivery,Dynamic relative response; not a pure causal effect or ATT.,,,
policy_intensity_m_lag3,0.06409821110855926,0.043506282782370925,1.4733093017666943,0.14066765367281958,-0.02117253624610281,0.14936895846322135,111.0,0.9522250984932538,gap_equal_main,6,S2_delivery_price_tourism_month_fe,sensitivity_delivery,Dynamic relative response; not a pure causal effect or ATT.,,,
policy_intensity_m_lag4,0.015533797243562691,0.019126755924885205,0.8121501264807885,0.4167054932197236,-0.021953955510300403,0.05302154999742579,111.0,0.9522250984932538,gap_equal_main,6,S2_delivery_price_tourism_month_fe,sensitivity_delivery,Dynamic relative response; not a pure causal effect or ATT.,,,
policy_intensity_m_lag5,-0.046928458948729906,0.036070799329832176,-1.3010096759879106,0.19325514273692446,-0.11762592652877249,0.023769008631312677,111.0,0.9522250984932538,gap_equal_main,6,S2_delivery_price_tourism_month_fe,sensitivity_delivery,Dynamic relative response; not a pure causal effect or ATT.,,,
policy_intensity_m_lag6,0.01653309333126649,0.03065325752981018,0.5393584455155579,0.5896395481193357,-0.043546187435992686,0.07661237409852567,111.0,0.9522250984932538,gap_equal_main,6,S2_delivery_price_tourism_month_fe,sensitivity_delivery,Dynamic relative response; not a pure causal effect or ATT.,,,
delivery_intensity_m_lag0,0.18532645694542754,0.0480364557681855,3.8580376920349124,0.00011430102410835405,0.09117673369483263,0.27947618019602244,111.0,0.9522250984932538,gap_equal_main,6,S2_delivery_price_tourism_month_fe,sensitivity_delivery,Dynamic relative response; not a pure causal effect or ATT.,,,
delivery_intensity_m_lag1,-0.137022947456795,0.07114324515067481,-1.9260148615176755,0.054102518201783883,-0.27646114569542146,0.002415250781831496,111.0,0.9522250984932538,gap_equal_main,6,S2_delivery_price_tourism_month_fe,sensitivity_delivery,Dynamic relative response; not a pure causal effect or ATT.,,,
delivery_intensity_m_lag2,0.3262542450537239,0.10254101660070847,3.181695051104748,0.0014641589451332144,0.12527754557821152,0.5272309445292362,111.0,0.9522250984932538,gap_equal_main,6,S2_delivery_price_tourism_month_fe,sensitivity_delivery,Dynamic relative response; not a pure causal effect or ATT.,,,
delivery_intensity_m_lag3,-0.39791807713302263,0.12156921157248737,-3.2731813588817946,0.0010634421952249212,-0.6361893534440278,-0.15964680082201743,111.0,0.9522250984932538,gap_equal_main,6,S2_delivery_price_tourism_month_fe,sensitivity_delivery,Dynamic relative response; not a pure causal effect or ATT.,,,
delivery_intensity_m_lag4,0.6100349967599692,0.13728195871781002,4.443664720824146,8.843938845806363e-06,0.34096730194594704,0.8791026915739913,111.0,0.9522250984932538,gap_equal_main,6,S2_delivery_price_tourism_month_fe,sensitivity_delivery,Dynamic relative response; not a pure causal effect or ATT.,,,
delivery_intensity_m_lag5,-7.665157441897913e-16,2.0563337284723407e-16,-3.7275843583971127,0.00019332386146162476,-1.1695497489898667e-15,-3.6348173938971583e-16,111.0,0.9522250984932538,gap_equal_main,6,S2_delivery_price_tourism_month_fe,sensitivity_delivery,Dynamic relative response; not a pure causal effect or ATT.,,,
delivery_intensity_m_lag6,7.504290405589263e-16,2.07871902264708e-16,3.610055194488555,0.00030613185611816335,3.4300759872226855e-16,1.157850482395584e-15,111.0,0.9522250984932538,gap_equal_main,6,S2_delivery_price_tourism_month_fe,sensitivity_delivery,Dynamic relative response; not a pure causal effect or ATT.,,,
z_food_cpi_yoy,0.03285426523257828,0.020192246785268493,1.6270732812431512,0.10372153490073295,-0.006721811233492657,0.0724303416986492,111.0,0.9522250984932538,gap_equal_main,6,S2_delivery_price_tourism_month_fe,sensitivity_delivery,Dynamic relative response; not a pure causal effect or ATT.,,,
z_core_cpi_yoy,-0.031897602804950305,0.023247669135815788,-1.3720774594046623,0.17003932562370017,-0.07746219703565266,0.013666991425752041,111.0,0.9522250984932538,gap_equal_main,6,S2_delivery_price_tourism_month_fe,sensitivity_delivery,Dynamic relative response; not a pure causal effect or ATT.,,,
z_foreign_tourists_thousand,0.09029771431446497,0.06341117431708686,1.4240031869293617,0.1544455495284764,-0.033985903564416525,0.21458133219334646,111.0,0.9522250984932538,gap_equal_main,6,S2_delivery_price_tourism_month_fe,sensitivity_delivery,Dynamic relative response; not a pure causal effect or ATT.,,,
z_accommodation_occupancy_rate_total,0.3107010586484321,0.03495330071536197,8.889033432882036,6.164278069633176e-19,0.24219384810552455,0.37920826919133965,111.0,0.9522250984932538,gap_equal_main,6,S2_delivery_price_tourism_month_fe,sensitivity_delivery,Dynamic relative response; not a pure causal effect or ATT.,,,
z_nonresident_expenditure_index,-0.0904692433562812,0.04225885499388676,-2.140835178079686,0.032287332025944505,-0.17329507717219989,-0.007643409540362536,111.0,0.9522250984932538,gap_equal_main,6,S2_delivery_price_tourism_month_fe,sensitivity_delivery,Dynamic relative response; not a pure causal effect or ATT.,,,
month_2,-0.0006124530749139714,0.021567367647182006,-0.0283972103101787,0.9773453491554887,-0.04288371690472507,0.04165881075489713,111.0,0.9522250984932538,gap_equal_main,6,S2_delivery_price_tourism_month_fe,sensitivity_delivery,Dynamic relative response; not a pure causal effect or ATT.,,,
month_3,0.0366396606412809,0.03499242918701448,1.0470739383500047,0.29506547820154694,-0.03194424029683569,0.1052235615793975,111.0,0.9522250984932538,gap_equal_main,6,S2_delivery_price_tourism_month_fe,sensitivity_delivery,Dynamic relative response; not a pure causal effect or ATT.,,,
month_4,-0.04743042269323212,0.049983695299795516,-0.9489178902990423,0.34266237476436856,-0.14539666529505532,0.05053581990859108,111.0,0.9522250984932538,gap_equal_main,6,S2_delivery_price_tourism_month_fe,sensitivity_delivery,Dynamic relative response; not a pure causal effect or ATT.,,,
month_5,-0.06421299044021402,0.03722973626617437,-1.7247769358644554,0.08456767978777255,-0.1371819326758405,0.008755951795412456,111.0,0.9522250984932538,gap_equal_main,6,S2_delivery_price_tourism_month_fe,sensitivity_delivery,Dynamic relative response; not a pure causal effect or ATT.,,,
month_6,-0.058070998353860384,0.04232659976068831,-1.3719740938839837,0.1700715026501175,-0.14102960947285115,0.02488761276513038,111.0,0.9522250984932538,gap_equal_main,6,S2_delivery_price_tourism_month_fe,sensitivity_delivery,Dynamic relative response; not a pure causal effect or ATT.,,,
month_7,0.0020259029108344946,0.0408517252596434,0.04959161205453037,0.9604478310197935,-0.07804200730439176,0.08209381312606076,111.0,0.9522250984932538,gap_equal_main,6,S2_delivery_price_tourism_month_fe,sensitivity_delivery,Dynamic relative response; not a pure causal effect or ATT.,,,
month_8,0.014818659186347121,0.04666308929248775,0.31756704091027177,0.7508133783962121,-0.0766393152343055,0.10627663360699974,111.0,0.9522250984932538,gap_equal_main,6,S2_delivery_price_tourism_month_fe,sensitivity_delivery,Dynamic relative response; not a pure causal effect or ATT.,,,
month_9,-0.019384654653735824,0.055912258580668284,-0.34669775726853014,0.7288183952821845,-0.12897066776613625,0.09020135845866462,111.0,0.9522250984932538,gap_equal_main,6,S2_delivery_price_tourism_month_fe,sensitivity_delivery,Dynamic relative response; not a pure causal effect or ATT.,,,
month_10,0.0009024277045643524,0.05229075333940921,0.017257883027748097,0.986230885069715,-0.10158556556514527,0.10339042097427396,111.0,0.9522250984932538,gap_equal_main,6,S2_delivery_price_tourism_month_fe,sensitivity_delivery,Dynamic relative response; not a pure causal effect or ATT.,,,
month_11,-0.02497495490983736,0.042407968157955465,-0.588921280472906,0.5559140816024801,-0.10809304515695148,0.05814313533727677,111.0,0.9522250984932538,gap_equal_main,6,S2_delivery_price_tourism_month_fe,sensitivity_delivery,Dynamic relative response; not a pure causal effect or ATT.,,,
month_12,0.07014509037511027,0.03135086101645734,2.237421496599033,0.025258804860521407,0.008698531898533084,0.13159164885168745,111.0,0.9522250984932538,gap_equal_main,6,S2_delivery_price_tourism_month_fe,sensitivity_delivery,Dynamic relative response; not a pure causal effect or ATT.,,,
cumulative_policy_intensity_m_lag,0.12215297186529173,,,,,,,,gap_equal_main,6,S2_delivery_price_tourism_month_fe,sensitivity_delivery,Cumulative dynamic relative response; naive SE ignores lag covariance.,0.08446517226459699,naive_std_error ignores covariance across lag coefficients,7.0
cumulative_delivery_intensity_m_lag,0.586674674169303,,,,,,,,gap_equal_main,6,S2_delivery_price_tourism_month_fe,sensitivity_delivery,Cumulative delivery-policy sensitivity response; naive SE ignores lag covariance.,0.22695579281128586,naive_std_error ignores covariance across lag coefficients,7.0
const,0.07445884164899183,0.032839658013953006,2.267345220749727,0.023369145039604484,0.010094294677031782,0.1388233886209519,111.0,0.9745264462458932,gap_equal_main,6,S3_full_with_pci_services_sensitivity,sensitivity_delivery,Dynamic relative response; not a pure causal effect or ATT.,,,
policy_intensity_m_lag0,0.007204661800049352,0.023654492030085544,0.30457901149963085,0.7606868073384992,-0.03915729065150806,0.05356661425160677,111.0,0.9745264462458932,gap_equal_main,6,S3_full_with_pci_services_sensitivity,sensitivity_delivery,Dynamic relative response; not a pure causal effect or ATT.,,,
policy_intensity_m_lag1,0.04489226573963225,0.015507390112031167,2.8948949768667576,0.003792854072030358,0.014498339625838613,0.07528619185342589,111.0,0.9745264462458932,gap_equal_main,6,S3_full_with_pci_services_sensitivity,sensitivity_delivery,Dynamic relative response; not a pure causal effect or ATT.,,,
policy_intensity_m_lag2,0.037091107039771795,0.02469334505003025,1.5020689568231,0.13307930104912521,-0.01130695991610791,0.08548917399565151,111.0,0.9745264462458932,gap_equal_main,6,S3_full_with_pci_services_sensitivity,sensitivity_delivery,Dynamic relative response; not a pure causal effect or ATT.,,,
policy_intensity_m_lag3,0.04158057882940539,0.028384814320055303,1.4648881743794469,0.1429514297150135,-0.014052634945759784,0.09721379260457057,111.0,0.9745264462458932,gap_equal_main,6,S3_full_with_pci_services_sensitivity,sensitivity_delivery,Dynamic relative response; not a pure causal effect or ATT.,,,
policy_intensity_m_lag4,-0.008006644003464975,0.017193404517065615,-0.46568112763925495,0.6414437629503631,-0.04170509762854187,0.025691809621611914,111.0,0.9745264462458932,gap_equal_main,6,S3_full_with_pci_services_sensitivity,sensitivity_delivery,Dynamic relative response; not a pure causal effect or ATT.,,,
policy_intensity_m_lag5,-0.023803573329154726,0.02279986396104765,-1.0440226033726279,0.2964749320424973,-0.06849048554522086,0.020883338886911407,111.0,0.9745264462458932,gap_equal_main,6,S3_full_with_pci_services_sensitivity,sensitivity_delivery,Dynamic relative response; not a pure causal effect or ATT.,,,
policy_intensity_m_lag6,0.0065030755900856215,0.03108540524425087,0.20920028350887726,0.8342918911128905,-0.0544231991334786,0.06742935031364984,111.0,0.9745264462458932,gap_equal_main,6,S3_full_with_pci_services_sensitivity,sensitivity_delivery,Dynamic relative response; not a pure causal effect or ATT.,,,
delivery_intensity_m_lag0,0.016257968732395503,0.03636545063441969,0.44707183463326666,0.6548231943432636,-0.055017004792636354,0.08753294225742736,111.0,0.9745264462458932,gap_equal_main,6,S3_full_with_pci_services_sensitivity,sensitivity_delivery,Dynamic relative response; not a pure causal effect or ATT.,,,
delivery_intensity_m_lag1,-0.1696197328818294,0.0363330544245803,-4.6684688520730875,3.0345277191300397e-06,-0.24083121100234045,-0.09840825476131837,111.0,0.9745264462458932,gap_equal_main,6,S3_full_with_pci_services_sensitivity,sensitivity_delivery,Dynamic relative response; not a pure causal effect or ATT.,,,
delivery_intensity_m_lag2,0.10082807503007152,0.06093792736286568,1.6546029606434247,0.09800506256839614,-0.01860806789366308,0.22026421795380613,111.0,0.9745264462458932,gap_equal_main,6,S3_full_with_pci_services_sensitivity,sensitivity_delivery,Dynamic relative response; not a pure causal effect or ATT.,,,
delivery_intensity_m_lag3,-0.23899886989930236,0.07058221122709679,-3.386106297099824,0.0007089191790818404,-0.3773374618536107,-0.10066027794499399,111.0,0.9745264462458932,gap_equal_main,6,S3_full_with_pci_services_sensitivity,sensitivity_delivery,Dynamic relative response; not a pure causal effect or ATT.,,,
delivery_intensity_m_lag4,0.2062985826581314,0.08516403435229647,2.422367425722693,0.015419750980650739,0.03938014254949837,0.3732170227667644,111.0,0.9745264462458932,gap_equal_main,6,S3_full_with_pci_services_sensitivity,sensitivity_delivery,Dynamic relative response; not a pure causal effect or ATT.,,,
delivery_intensity_m_lag5,7.730020133078291e-17,4.424861634513443e-17,1.746951830716009,0.08064569400914091,-9.425493071410926e-18,1.6402589573297674e-16,111.0,0.9745264462458932,gap_equal_main,6,S3_full_with_pci_services_sensitivity,sensitivity_delivery,Dynamic relative response; not a pure causal effect or ATT.,,,
delivery_intensity_m_lag6,-4.475014719681082e-16,1.7613358259977583e-16,-2.5406936335642203,0.011063281417864215,-7.927169503316795e-16,-1.0228599360453682e-16,111.0,0.9745264462458932,gap_equal_main,6,S3_full_with_pci_services_sensitivity,sensitivity_delivery,Dynamic relative response; not a pure causal effect or ATT.,,,
z_food_cpi_yoy,0.016311640328750477,0.01412923551893012,1.154460218806347,0.24831153898400515,-0.01138115241743666,0.044004433074937614,111.0,0.9745264462458932,gap_equal_main,6,S3_full_with_pci_services_sensitivity,sensitivity_delivery,Dynamic relative response; not a pure causal effect or ATT.,,,
z_core_cpi_yoy,0.0008786781874085264,0.015839303898498677,0.05547454566433387,0.9557604083322462,-0.03016578699383375,0.031923143368650805,111.0,0.9745264462458932,gap_equal_main,6,S3_full_with_pci_services_sensitivity,sensitivity_delivery,Dynamic relative response; not a pure causal effect or ATT.,,,
z_foreign_tourists_thousand,-0.041171261545248757,0.0490382479694219,-0.8395744801266422,0.40114701288383736,-0.1372844614302601,0.054941938339762596,111.0,0.9745264462458932,gap_equal_main,6,S3_full_with_pci_services_sensitivity,sensitivity_delivery,Dynamic relative response; not a pure causal effect or ATT.,,,
z_accommodation_occupancy_rate_total,0.1882239656948279,0.029900260959978817,6.2950609677542175,3.072790623030773e-10,0.12962053108492042,0.2468274003047354,111.0,0.9745264462458932,gap_equal_main,6,S3_full_with_pci_services_sensitivity,sensitivity_delivery,Dynamic relative response; not a pure causal effect or ATT.,,,
z_nonresident_expenditure_index,0.24285967998041313,0.058794222858875214,4.130672507796445,3.6170355225731474e-05,0.12762512067799614,0.35809423928283013,111.0,0.9745264462458932,gap_equal_main,6,S3_full_with_pci_services_sensitivity,sensitivity_delivery,Dynamic relative response; not a pure causal effect or ATT.,,,
z_private_consumption_index,0.30857008583415957,0.09798458874741865,3.1491695763461443,0.0016373515368143274,0.11652382084925036,0.5006163508190687,111.0,0.9745264462458932,gap_equal_main,6,S3_full_with_pci_services_sensitivity,sensitivity_delivery,Dynamic relative response; not a pure causal effect or ATT.,,,
z_services_index,-0.18478038167691013,0.10435924740633619,-1.77061818927693,0.07662421514397634,-0.3893207480470341,0.019759984693213856,111.0,0.9745264462458932,gap_equal_main,6,S3_full_with_pci_services_sensitivity,sensitivity_delivery,Dynamic relative response; not a pure causal effect or ATT.,,,
month_2,0.12173103507413836,0.03683123039540685,3.3051036787877495,0.000949412721906116,0.049543149992843996,0.19391892015543272,111.0,0.9745264462458932,gap_equal_main,6,S3_full_with_pci_services_sensitivity,sensitivity_delivery,Dynamic relative response; not a pure causal effect or ATT.,,,
month_3,-0.07074672182618645,0.029267029963816263,-2.4172839510415924,0.015636813624568136,-0.12810904648972093,-0.013384397162651974,111.0,0.9745264462458932,gap_equal_main,6,S3_full_with_pci_services_sensitivity,sensitivity_delivery,Dynamic relative response; not a pure causal effect or ATT.,,,
month_4,0.010941082694754032,0.04347705675984674,0.25165187135801415,0.8013101609775087,-0.07427238270834928,0.09615454809785735,111.0,0.9745264462458932,gap_equal_main,6,S3_full_with_pci_services_sensitivity,sensitivity_delivery,Dynamic relative response; not a pure causal effect or ATT.,,,
month_5,-0.01607738750051442,0.03969597021379622,-0.4050130885811369,0.6854678900851525,-0.09388005945092977,0.06172528444990093,111.0,0.9745264462458932,gap_equal_main,6,S3_full_with_pci_services_sensitivity,sensitivity_delivery,Dynamic relative response; not a pure causal effect or ATT.,,,
month_6,0.007915909627033427,0.041681574269430414,0.18991388319128377,0.8493766132421551,-0.0737784747599816,0.08961029401404845,111.0,0.9745264462458932,gap_equal_main,6,S3_full_with_pci_services_sensitivity,sensitivity_delivery,Dynamic relative response; not a pure causal effect or ATT.,,,
month_7,-0.008875725642359725,0.047403694836876877,-0.18723700067900634,0.8514748154498416,-0.10178526025676571,0.08403380897204626,111.0,0.9745264462458932,gap_equal_main,6,S3_full_with_pci_services_sensitivity,sensitivity_delivery,Dynamic relative response; not a pure causal effect or ATT.,,,
month_8,-0.007165727323254392,0.05029012752373101,-0.14248775408002326,0.8866947515073573,-0.10573256604769365,0.09140111140118487,111.0,0.9745264462458932,gap_equal_main,6,S3_full_with_pci_services_sensitivity,sensitivity_delivery,Dynamic relative response; not a pure causal effect or ATT.,,,
month_9,0.015049152261799988,0.05343837938108438,0.2816169284341536,0.7782372583620562,-0.08968814671731323,0.1197864512409132,111.0,0.9745264462458932,gap_equal_main,6,S3_full_with_pci_services_sensitivity,sensitivity_delivery,Dynamic relative response; not a pure causal effect or ATT.,,,
month_10,0.04615841379518781,0.04585518462291496,1.0066127565457736,0.31412090182971775,-0.04371609657016042,0.13603292416053603,111.0,0.9745264462458932,gap_equal_main,6,S3_full_with_pci_services_sensitivity,sensitivity_delivery,Dynamic relative response; not a pure causal effect or ATT.,,,
month_11,-0.03581186099251496,0.04119780064734415,-0.8692663304788237,0.38470147437936264,-0.11655806650357042,0.0449343445185405,111.0,0.9745264462458932,gap_equal_main,6,S3_full_with_pci_services_sensitivity,sensitivity_delivery,Dynamic relative response; not a pure causal effect or ATT.,,,
month_12,-0.028196332960914977,0.03446348258664426,-0.8181510063594674,0.4132709668728982,-0.09574351761256103,0.039350851690731076,111.0,0.9745264462458932,gap_equal_main,6,S3_full_with_pci_services_sensitivity,sensitivity_delivery,Dynamic relative response; not a pure causal effect or ATT.,,,
cumulative_policy_intensity_m_lag,0.1054614716663247,,,,,,,,gap_equal_main,6,S3_full_with_pci_services_sensitivity,sensitivity_delivery,Cumulative dynamic relative response; naive SE ignores lag covariance.,0.06322359124378339,naive_std_error ignores covariance across lag coefficients,7.0
cumulative_delivery_intensity_m_lag,-0.08523397636053373,,,,,,,,gap_equal_main,6,S3_full_with_pci_services_sensitivity,sensitivity_delivery,Cumulative delivery-policy sensitivity response; naive SE ignores lag covariance.,0.13634782405235318,naive_std_error ignores covariance across lag coefficients,7.0
